text,date,views,post_id,channel,cleaned_text
"РюЁLeather comfort
Made in Vietnam 
Master Quality Only in our Shop 
Price 3,800birr  ­ЪўЇ­ЪћЦ­ЪћЦ
Size#40,41,42,43
­Ъћ┤FREE DELIVERY(рІФрѕЅрЅарЅх рЅдрЅ│ рІФрѕѕрЅ░рїерѕЏрѕф ріГрЇЇрІФ ріЦріЊрІ░рѕГрѕ│рѕѕріЋ­ЪЈЇ)
­Ъћ┤рѕѕрѕ▒рЅЁріЊ рЅЦрІЏрЅх рЅ░рѕеріФрЅбрІјрЅй рЅБрѕхрЅ░рІФрІерЅх
­ЪЊХ0977808897
­Ъћ╗­Ъћ╗­Ъћ╗ @Naty_boy 
ріарІхрѕФрѕ╗рЅйріЋ- рЅёрѕФ рѕХрЇірІФ рѕърѕЇ рѕЂрѕѕрЅ░ріЏ рЇјрЅЁ рѕ▒.рЅЂ 216",2024-08-04 08:50:14+00:00,2060,12617,aradabrand2,"РюЁLeather comfort Made in Vietnam Master Quality Only in our Shop Price 3,800birr Size#40,41,42,43 FREE DELIVERY(рІФрѕЅрЅарЅх рЅдрЅ│ рІФрѕѕрЅ░рїерѕЏрѕф ріГрЇЇрІФ ріЦріЊрІ░рѕГрѕ│рѕѕріЋ) рѕѕрѕ▒рЅЁріЊ рЅЦрІЏрЅх рЅ░рѕеріФрЅбрІјрЅй рЅБрѕхрЅ░рІФрІерЅх 0977808897 ріарІхрѕФрѕ╗рЅйріЋ- рЅёрѕФ рѕХрЇірІФ рѕърѕЇ рѕЂрѕѕрЅ░ріЏ рЇјрЅЁ рѕ▒.рЅЂ 216"
"­ЪЊБ HOBBY LOBBY 3 in 1 Chopper and Garlic Peeler

#рѕхрїІ ріЦріЊ рѕйріЋріЕрѕГрЅх рЅарѕ░ріеріЋрІХрЅй рІхрЅЁрЅЁ рІерѕџрІФрІ░рѕГрїЇ 

#рІеріљрїГ_рѕйріЋріЕрѕГрЅх рІерѕФрѕ▒ рѕўрѕІрїФ рІФрѕѕрІЇ


Рюћ№ИЈ Two 3-liter jars
Рюћ№ИЈ One is metal and the other is thick glass.
Рюћ№ИЈ With 4 blades and 2 blades grinder
­ЪЉђ Meat, gizzards, vegetables, onions, and garlic are ground into it.­ЪЉђ
­Ъћћ Dried and peeled garlic cloves with a peeler­Ъћћ
­ЪЊї An additional switch with 4 blades
Рюћ№ИЈ 3-press grinder

┬а┬а┬а рІІрїІ:- 3900рЅЦрѕГ

­ЪЊЇрІЇрѕхріЋ рЇЇрѕг ріљрІЇ рІФрѕѕріЋ/ Limited Stock

­ЪЈб ріарІхрѕФрѕ╗ рЅЂ.1 ­ЪЉЅ рѕўрїѕріЊріЏ рЅ│рѕю рїІрѕх рѕЁріЋрЇЃ рїјріЋ рѕхрѕф ріцрѕЮ рѕ▓рЅ▓ рѕърѕЇ┬а рѕЂрѕѕрЅ░ріЏ рЇјрЅЁ рЅбрѕ« рЅЂ. SL-05A(ріе рѕірЇЇрЅ▒ рЇірЅх рѕѕ рЇірЅх)

­ЪЊЇрЅЂ.2 ­ЪЉЅрѕѕрЅА┬а рѕўрІ│рѕЁріњрІЊрѕѕрѕЮ рЅцрЅ░/ріГрѕГрѕхрЅ▓рІФріЋ┬а100рѕю рІѕрІ░ рѕЎрІџрЅЃ рЅцрЅх ріерЇЇ рЅЦрѕј┬а #рІЏрѕЮ_рѕърѕЇ 2ріЏ рЇјрЅЁ рЅбрѕ«.рЅЂ 214


┬а┬а┬а ­ЪЊ▓ 0909522840
┬а┬а┬а ­ЪЊ▓ 0923350054

­ЪЉЇрѕѕрЅА┬арЅЁрѕГріЋрїФрЇЇ­ЪЊ▓0973611819


­Ъћќ
­Ъњг┬а рЅаTelegram рѕѕрѕЏрІўрІЮ Рцх№ИЈ рІГрїарЅђрѕЎ
@shager_onlinestore
┬а 
рѕѕрЅ░рїерѕЏрѕф рѕЏрЅЦрѕФрѕфрІФ рІерЅ┤рѕїрїЇрѕФрѕЮ рїѕрЇЃрЅйріЋРцх№ИЈ
https://t.me/Shageronlinestore",2025-06-17 08:41:24+00:00,3579,7369,Shageronlinestore,"HOBBY LOBBY 3 in 1 Chopper and Garlic Peeler #рѕхрїІ ріЦріЊ рѕйріЋріЕрѕГрЅх рЅарѕ░ріеріЋрІХрЅй рІхрЅЁрЅЁ рІерѕџрІФрІ░рѕГрїЇ #рІеріљрїГ_рѕйріЋріЕрѕГрЅх рІерѕФрѕ▒ рѕўрѕІрїФ рІФрѕѕрІЇ Рюћ№ИЈ Two 3-liter jars Рюћ№ИЈ One is metal and the other is thick glass. Рюћ№ИЈ With 4 blades and 2 blades grinder Meat, gizzards, vegetables, onions, and garlic are ground into it. Dried and peeled garlic cloves with a peeler An additional switch with 4 blades Рюћ№ИЈ 3-press grinder рІІрїІ:- 3900рЅЦрѕГ рІЇрѕхріЋ рЇЇрѕг ріљрІЇ рІФрѕѕріЋ/ Limited Stock ріарІхрѕФрѕ╗ рЅЂ.1 рѕўрїѕріЊріЏ рЅ│рѕю рїІрѕх рѕЁріЋрЇЃ рїјріЋ рѕхрѕф ріцрѕЮ рѕ▓рЅ▓ рѕърѕЇ рѕЂрѕѕрЅ░ріЏ рЇјрЅЁ рЅбрѕ« рЅЂ. SL-05A(ріе рѕірЇЇрЅ▒ рЇірЅх рѕѕ рЇірЅх) рЅЂ.2 рѕѕрЅА рѕўрІ│рѕЁріњрІЊрѕѕрѕЮ рЅцрЅ░/ріГрѕГрѕхрЅ▓рІФріЋ 100рѕю рІѕрІ░ рѕЎрІџрЅЃ рЅцрЅх ріерЇЇ рЅЦрѕј #рІЏрѕЮ_рѕърѕЇ 2ріЏ рЇјрЅЁ рЅбрѕ«.рЅЂ 214 0909522840 0923350054 рѕѕрЅА рЅЁрѕГріЋрїФрЇЇ0973611819 рЅаTelegram рѕѕрѕЏрІўрІЮ Рцх№ИЈ рІГрїарЅђрѕЎ рѕѕрЅ░рїерѕЏрѕф рѕЏрЅЦрѕФрѕфрІФ рІерЅ┤рѕїрїЇрѕФрѕЮ рїѕрЇЃрЅйріЋРцх№ИЈ"
"­ЪЪбPortable Sealing Machine

­Ъћ╝Button Switch 
РъА№ИЈ east to use

Рџа№ИЈ рІГрІъ рѕѕрѕўріЋрЅђрѕ│рЅђрѕх рѕЮрЅ╣

рІІрїІ­ЪњхрЇд┬а**600 рЅЦрѕГ**

рІЇрѕхріЋ рЇЇрѕг ріљрІЇ рІерЅђрѕерІЇ РЮїРЮї

Telegram - t.me/qnashcom
РџА№ИЈрїЦрѕФрЅх ­Ъћ╝ рІІрѕхрЅхріЊ ­ЪЏЇ рЅЁріЊрѕй

­ЪЈг ріарІхрѕФрѕ╗ рЇд 
­ЪЌ║рЅЂрїЦрѕГ 1 :- **рѕўрїѕріЊріЏ рІўрЇЇрѕўрѕй рїЇрѕФріЋрІх рѕърѕЇ 3 рЅ░ріЏ рЇјрЅЁ рЅЂрїЦрѕГ 329 **

­ЪЌ║рЅЂрїЦрѕГ 2 :- **рїђрѕъ 1 ріерѕѕрѕІ рѕЁріЋрЇЃ рїЇрѕФрІЇріЋрІх рѕѕрІГ G07 **

РЮїРЮї **рѕЏрѕ│рѕ░рЅЦрІФ**: рѕ▒рЅЃрЅйріЋ рѕ▓рѕўрїА рЅхріГріГрѕѕріЏ рІеріЏ рѕ▒рЅЁ рѕўрѕєріЉ рІФрѕерїІрїЇрїА┬а рІерѕФрѕ│рЅйріЋ рѕјрїј рѕўріќрѕЕріЋ ріЦріЊ 329 / G07 рѕўрѕєріЉ рІФрѕерїІрїЇрїА !

рѕхрѕЇріГ:
­ЪЊ▒ 0946966440
­ЪЊ▒ 0992606060
­ЪЊ▒ 0905464599",2025-05-20 15:17:44+00:00,7703,4689,qnashcom,Portable Sealing Machine Button Switch РъА№ИЈ east to use Рџа№ИЈ рІГрІъ рѕѕрѕўріЋрЅђрѕ│рЅђрѕх рѕЮрЅ╣ рІІрїІрЇд **600 рЅЦрѕГ** рІЇрѕхріЋ рЇЇрѕг ріљрІЇ рІерЅђрѕерІЇ РЮїРЮї Telegram - t.me/qnashcom РџА№ИЈрїЦрѕФрЅх рІІрѕхрЅхріЊ рЅЁріЊрѕй ріарІхрѕФрѕ╗ рЇд рЅЂрїЦрѕГ 1 :- **рѕўрїѕріЊріЏ рІўрЇЇрѕўрѕй рїЇрѕФріЋрІх рѕърѕЇ 3 рЅ░ріЏ рЇјрЅЁ рЅЂрїЦрѕГ 329 ** рЅЂрїЦрѕГ 2 :- **рїђрѕъ 1 ріерѕѕрѕІ рѕЁріЋрЇЃ рїЇрѕФрІЇріЋрІх рѕѕрІГ G07 ** РЮїРЮї **рѕЏрѕ│рѕ░рЅЦрІФ**: рѕ▒рЅЃрЅйріЋ рѕ▓рѕўрїА рЅхріГріГрѕѕріЏ рІеріЏ рѕ▒рЅЁ рѕўрѕєріЉ рІФрѕерїІрїЇрїА рІерѕФрѕ│рЅйріЋ рѕјрїј рѕўріќрѕЕріЋ ріЦріЊ 329 / G07 рѕўрѕєріЉ рІФрѕерїІрїЇрїА ! рѕхрѕЇріГ: 0946966440 0992606060 0905464599
"­ЪњЦ­ЪњЦ...................................­ЪњЦ­ЪњЦ

­ЪЊї2 in1 Electric Foot grinder & hair remover

­ЪЉЇрІерЅ░рѕеріерІЮ рѕърѕерІх ріЦріЊ рІерЇђрїЅрѕГ рѕЏріЋрѕ╗
­ЪЉЇрЅа рЅ╗рѕГрїЁ рІерѕџрѕ░рѕФ

рІІрїІрЇд┬а ­Ъњх­ЪЈи 1000 рЅЦрѕГ

РЎд№ИЈрІЇрѕхріЋ рЇЇрѕг ріљрІЇ рІФрѕѕрІЇ ­Ъўђ­Ъўђ­Ъўђ

­ЪЈб ріарІхрѕФрѕ╗­ЪЉЅ

­ЪЊЇРЎд№ИЈ#рѕўрїѕріЊріЏ_рѕўрѕ░рѕерЅх_рІ░рЇІрѕГ_рѕърѕЇ_рѕЂрѕѕрЅ░ріЏ_рЇјрЅЁ рЅбрѕ« рЅЂ. S05/S06


┬а┬а┬а┬а ­ЪњД­ЪњД­ЪњД­ЪњД


┬а┬а┬а ­ЪЊ▓ 0902660722
┬а┬а┬а ­ЪЊ▓ 0928460606 

­Ъћќ
­ЪњгрЅаTelegram рѕѕрѕЏрІўрІЮ Рцх№ИЈ рІГрїарЅђрѕЎ­Ъћй

@zemencallcenter 

@zemenexpressadmin

рѕѕрЅ░рїерѕЏрѕф рѕЏрЅЦрѕФрѕфрІФ рІерЅ┤рѕїрїЇрѕФрѕЮ рїѕрЇЃрЅйріЋРцх№ИЈ
https://telegram.me/zemenexpress

­ЪњЦ­ЪњЦ...................................­ЪњЦ­ЪњЦ",2025-06-05 10:57:11+00:00,4252,6888,ZemenExpress,................................... 2 in1 Electric Foot grinder & hair remover рІерЅ░рѕеріерІЮ рѕърѕерІх ріЦріЊ рІерЇђрїЅрѕГ рѕЏріЋрѕ╗ рЅа рЅ╗рѕГрїЁ рІерѕџрѕ░рѕФ рІІрїІрЇд 1000 рЅЦрѕГ РЎд№ИЈрІЇрѕхріЋ рЇЇрѕг ріљрІЇ рІФрѕѕрІЇ ріарІхрѕФрѕ╗ РЎд№ИЈ#рѕўрїѕріЊріЏ_рѕўрѕ░рѕерЅх_рІ░рЇІрѕГ_рѕърѕЇ_рѕЂрѕѕрЅ░ріЏ_рЇјрЅЁ рЅбрѕ« рЅЂ. S05/S06 0902660722 0928460606 рЅаTelegram рѕѕрѕЏрІўрІЮ Рцх№ИЈ рІГрїарЅђрѕЎ рѕѕрЅ░рїерѕЏрѕф рѕЏрЅЦрѕФрѕфрІФ рІерЅ┤рѕїрїЇрѕФрѕЮ рїѕрЇЃрЅйріЋРцх№ИЈ ...................................
"­Ъњ» 100 Pieces Disposable Food Cover, Plastic Wrap, Stretch Food Lids, Food Containers, Kitchen Food, Sealing Bag, Kitchen Utensils

┬а┬а┬а┬а┬а┬а┬а┬арІІрїІ­ЪњхрЇд┬а**400 рЅЦрѕГ**

­ЪЊБ **рѕѕрѕЏрІўрІЮ = **@Orderqnash

рІЇрѕхріЋ рЇЇрѕг ріљрІЇ рІерЅђрѕерІЇ РЮїРЮї

Telegram - t.me/qnashcom
РџА№ИЈрїЦрѕФрЅх ­Ъћ╝ рІІрѕхрЅхріЊ ­ЪЏЇ рЅЁріЊрѕй

­ЪЈг ріарІхрѕФрѕ╗ рЇд 
­ЪЌ║рЅЂрїЦрѕГ 1 :- **рѕўрїѕріЊріЏ рІўрЇЇрѕўрѕй рїЇрѕФріЋрІх рѕърѕЇ 3 рЅ░ріЏ рЇјрЅЁ рЅЂрїЦрѕГ 329 **

­ЪЌ║рЅЂрїЦрѕГ 2 :- **рїђрѕъ 1 ріерѕѕрѕІ рѕЁріЋрЇЃ рїЇрѕФрІЇріЋрІх рѕѕрІГ G07 **

РЮїРЮї **рѕЏрѕ│рѕ░рЅЦрІФ**: рѕ▒рЅЃрЅйріЋ рѕ▓рѕўрїА рЅхріГріГрѕѕріЏ рІеріЏ рѕ▒рЅЁ рѕўрѕєріЉ рІФрѕерїІрїЇрїА┬а рІерѕФрѕ│рЅйріЋ рѕјрїј рѕўріќрѕЕріЋ ріЦріЊ 329 / G07 рѕўрѕєріЉ рІФрѕерїІрїЇрїА !

рѕхрѕЇріГ:
­ЪЊ▒ 0946966440
­ЪЊ▒ 0992606060
­ЪЊ▒ 0905464599",2025-05-01 07:22:41+00:00,9286,4642,qnashcom,"100 Pieces Disposable Food Cover, Plastic Wrap, Stretch Food Lids, Food Containers, Kitchen Food, Sealing Bag, Kitchen Utensils рІІрїІрЇд **400 рЅЦрѕГ** **рѕѕрѕЏрІўрІЮ = ** рІЇрѕхріЋ рЇЇрѕг ріљрІЇ рІерЅђрѕерІЇ РЮїРЮї Telegram - t.me/qnashcom РџА№ИЈрїЦрѕФрЅх рІІрѕхрЅхріЊ рЅЁріЊрѕй ріарІхрѕФрѕ╗ рЇд рЅЂрїЦрѕГ 1 :- **рѕўрїѕріЊріЏ рІўрЇЇрѕўрѕй рїЇрѕФріЋрІх рѕърѕЇ 3 рЅ░ріЏ рЇјрЅЁ рЅЂрїЦрѕГ 329 ** рЅЂрїЦрѕГ 2 :- **рїђрѕъ 1 ріерѕѕрѕІ рѕЁріЋрЇЃ рїЇрѕФрІЇріЋрІх рѕѕрІГ G07 ** РЮїРЮї **рѕЏрѕ│рѕ░рЅЦрІФ**: рѕ▒рЅЃрЅйріЋ рѕ▓рѕўрїА рЅхріГріГрѕѕріЏ рІеріЏ рѕ▒рЅЁ рѕўрѕєріЉ рІФрѕерїІрїЇрїА рІерѕФрѕ│рЅйріЋ рѕјрїј рѕўріќрѕЕріЋ ріЦріЊ 329 / G07 рѕўрѕєріЉ рІФрѕерїІрїЇрїА ! рѕхрѕЇріГ: 0946966440 0992606060 0905464599"
"­ЪњЦ­ЪњЦ...................................­ЪњЦ­ЪњЦ

­ЪЊї Shock and Noise Cancelling Washing Machine Support

­ЪЉЇWasher and Dryer Pedestals,Anti Slip Anti Vibration Rubber Washing Machine Feet Pads
­ЪЉЇWashing Machine Stabilizer for Raise Height 
­ЪЉЇReduce Noise 4PCS

рІІрїІрЇд┬а ­Ъњ▓­ЪЈи┬а 500 рЅЦрѕГ

­ЪЊЇрІЇрѕхріЋ рЇЇрѕг ріљрІЇ рІФрѕѕріЋ­ЪћЦ­ЪћЦ­ЪћЦ

­ЪЈб ріарІхрѕФрѕ╗­ЪЉЅ

­ЪЊЇРЎд№ИЈ#рѕўрїѕріЊріЏ_рѕўрѕ░рѕерЅх_рІ░рЇІрѕГ_рѕърѕЇ_рѕЂрѕѕрЅ░ріЏ_рЇјрЅЁ рЅбрѕ« рЅЂ. S05/S06


┬а┬а┬а┬а ­ЪњД­ЪњД­ЪњД­ЪњД


┬а┬а┬а ­ЪЊ▓ 0902660722
┬а┬а┬а ­ЪЊ▓ 0928460606 

­Ъћќ
­ЪњгрЅаTelegram рѕѕрѕЏрІўрІЮ Рцх№ИЈ рІГрїарЅђрѕЎ­Ъћй

@zemencallcenter 

@zemenexpressadmin

рѕѕрЅ░рїерѕЏрѕф рѕЏрЅЦрѕФрѕфрІФ рІерЅ┤рѕїрїЇрѕФрѕЮ рїѕрЇЃрЅйріЋРцх№ИЈ
https://telegram.me/zemenexpress

­ЪњЦ­ЪњЦ...................................­ЪњЦ­ЪњЦ",2025-06-13 08:42:21+00:00,3552,6946,ZemenExpress,"................................... Shock and Noise Cancelling Washing Machine Support Washer and Dryer Pedestals,Anti Slip Anti Vibration Rubber Washing Machine Feet Pads Washing Machine Stabilizer for Raise Height Reduce Noise 4PCS рІІрїІрЇд 500 рЅЦрѕГ рІЇрѕхріЋ рЇЇрѕг ріљрІЇ рІФрѕѕріЋ ріарІхрѕФрѕ╗ РЎд№ИЈ#рѕўрїѕріЊріЏ_рѕўрѕ░рѕерЅх_рІ░рЇІрѕГ_рѕърѕЇ_рѕЂрѕѕрЅ░ріЏ_рЇјрЅЁ рЅбрѕ« рЅЂ. S05/S06 0902660722 0928460606 рЅаTelegram рѕѕрѕЏрІўрІЮ Рцх№ИЈ рІГрїарЅђрѕЎ рѕѕрЅ░рїерѕЏрѕф рѕЏрЅЦрѕФрѕфрІФ рІерЅ┤рѕїрїЇрѕФрѕЮ рїѕрЇЃрЅйріЋРцх№ИЈ ..................................."
"РюЁNEW BALANCE 
Made in Vietnam 
Master Quality Only in our Shop 
Price 3,600birr  ­ЪўЇ­ЪћЦ­ЪћЦ
Size#40,41,42,43
­Ъћ┤FREE DELIVERY(рІФрѕЅрЅарЅх рЅдрЅ│ рІФрѕѕрЅ░рїерѕЏрѕф ріГрЇЇрІФ ріЦріЊрІ░рѕГрѕ│рѕѕріЋ­ЪЈЇ)
­Ъћ┤рѕѕрѕ▒рЅЁріЊ рЅЦрІЏрЅх рЅ░рѕеріФрЅбрІјрЅй рЅБрѕхрЅ░рІФрІерЅх
­ЪЊХ0977808897
­Ъћ╗­Ъћ╗­Ъћ╗ @Naty_boy 
ріарІхрѕФрѕ╗рЅйріЋ- рЅёрѕФ рѕХрЇірІФ рѕърѕЇ рѕЂрѕѕрЅ░ріЏ рЇјрЅЁ рѕ▒.рЅЂ 216",2024-07-08 10:12:57+00:00,2534,12575,aradabrand2,"РюЁNEW BALANCE Made in Vietnam Master Quality Only in our Shop Price 3,600birr Size#40,41,42,43 FREE DELIVERY(рІФрѕЅрЅарЅх рЅдрЅ│ рІФрѕѕрЅ░рїерѕЏрѕф ріГрЇЇрІФ ріЦріЊрІ░рѕГрѕ│рѕѕріЋ) рѕѕрѕ▒рЅЁріЊ рЅЦрІЏрЅх рЅ░рѕеріФрЅбрІјрЅй рЅБрѕхрЅ░рІФрІерЅх 0977808897 ріарІхрѕФрѕ╗рЅйріЋ- рЅёрѕФ рѕХрЇірІФ рѕърѕЇ рѕЂрѕѕрЅ░ріЏ рЇјрЅЁ рѕ▒.рЅЂ 216"
"рѕѕрѕЏрІўрІЮ
@stay_positive_ever
рІФріЊрїЇрѕЕріЋрЇАрЇА
рѕЂрѕЅрѕЮ ріЦрЅЃрІјрЅ╗рЅйріЋ original ріЊрЅИрІЇ! рѕ▓рѕўрїБ ріФрѕЇрІѕрІ░рІ▒рЅх рІѕрІГрѕЮ original ріФрѕЇрѕєріљ рѕЃрѕІрЇіріљрЅ▒ріЋ ріЦріЋрІѕрѕхрІ│рѕѕріЋ!!",2024-05-29 07:39:21+00:00,13,50,ethiopia_online_market,рѕѕрѕЏрІўрІЮ рІФріЊрїЇрѕЕріЋрЇАрЇА рѕЂрѕЅрѕЮ ріЦрЅЃрІјрЅ╗рЅйріЋ original ріЊрЅИрІЇ! рѕ▓рѕўрїБ ріФрѕЇрІѕрІ░рІ▒рЅх рІѕрІГрѕЮ original ріФрѕЇрѕєріљ рѕЃрѕІрЇіріљрЅ▒ріЋ ріЦріЋрІѕрѕхрІ│рѕѕріЋ!!
"#ріарѕЇрЅєрѕЇ_рѕѕрЅ░рЅБрѕІрЅйрѕЂ_рЅарІхрїІрѕџ_ріарѕхрїѕрЅЦрЅ░ріЊрѕЇ 
­ЪњЦрІерѕўрѕхрЅ│рІјрЅх рЇЊрЅхрѕФрІјрЅй ( glass bakewares) ­ЪЦД ­ЪЦ« 

­ЪЉЅRectagular shape

­ЪЉЅрїѕрЅарЅ│ рѕІрІГ рѕўрЅЁрѕерЅЦ рІерѕџрЅйрѕЅ рІЇрЅЦ рІерѕўрѕхрЅ│рІјрЅх рЇЊрЅхрѕФрІјрЅй 
┬а┬а 
­ЪЉЅрѕХрѕхрЅх рІерЅ░рѕѕрІФрІе рѕўрїаріЋ рІФрѕІрЅИрІЇ (3.1 рѕі рЇБ 2.5 рѕірЇБ 1.8рѕі ) рЇЊрЅхрѕФрІјрЅйріЋ рІерІФрІў

­ЪЉЅрѕѕрѕІрІЏріЏ рЇБ рЇЊрѕхрЅ│ рЇЇрѕГріќрЇБ рігріГ┬а рЅ░рѕўрѕФрїГ

­ЪЉЅрІЇрЅЦріЊ рѕЏрѕФріф рїѕрЅарЅ│ рѕІрІГ┬а рѕўрЅЁрѕерЅЦ рІерѕџрЅйрѕЅ 

­ЪЉЅрІЇрЇЇрѕФрѕЮ рѕЏріЋріЏрІЇріЋрѕЮ рѕЎрЅђрЅх рІерѕџрЅІрЅІрѕЮ

рІІрїІрЇд┬а ­Ъњ░ рѕХрѕхрЅ▒ріЋ рЅа 3800 рЅЦрѕГ

­ЪЊЇрІЇрѕхріЋ рЇЇрѕг ріљрІЇ рІФрѕѕріЋ/ Limited Stock

­ЪЈб ріарІхрѕФрѕ╗ рЅЂ.1 ­ЪЉЅ рѕўрїѕріЊріЏ рЅ│рѕю рїІрѕх рѕЁріЋрЇЃ рїјріЋ рѕхрѕф ріцрѕЮ рѕ▓рЅ▓ рѕърѕЇ┬а рѕЂрѕѕрЅ░ріЏ рЇјрЅЁ рЅбрѕ« рЅЂ. SL-05A(ріе рѕірЇЇрЅ▒ рЇірЅх рѕѕ рЇірЅх)

­ЪЊЇрЅЂ.2 ­ЪЉЅрѕѕрЅА┬а рѕўрІ│рѕЁріњрІЊрѕѕрѕЮ рЅцрЅ░/ріГрѕГрѕхрЅ▓рІФріЋ┬а100рѕю рІѕрІ░ рѕЎрІџрЅЃ рЅцрЅх ріерЇЇ рЅЦрѕј┬а #рІЏрѕЮ_рѕърѕЇ 2ріЏ рЇјрЅЁ рЅбрѕ«.рЅЂ 214


┬а┬а┬а ­ЪЊ▓ 0909522840
┬а┬а┬а ­ЪЊ▓ 0923350054

­ЪЉЇрѕѕрЅА┬арЅЁрѕГріЋрїФрЇЇ­ЪЊ▓0973611819


­Ъћќ
­Ъњг┬а рЅаTelegram рѕѕрѕЏрІўрІЮ Рцх№ИЈ рІГрїарЅђрѕЎ
@shager_onlinestore
┬а 
рѕѕрЅ░рїерѕЏрѕф рѕЏрЅЦрѕФрѕфрІФ рІерЅ┤рѕїрїЇрѕФрѕЮ рїѕрЇЃрЅйріЋРцх№ИЈ
https://t.me/Shageronlinestore",2025-06-17 07:27:32+00:00,3201,7360,Shageronlinestore,#ріарѕЇрЅєрѕЇ_рѕѕрЅ░рЅБрѕІрЅйрѕЂ_рЅарІхрїІрѕџ_ріарѕхрїѕрЅЦрЅ░ріЊрѕЇ рІерѕўрѕхрЅ│рІјрЅх рЇЊрЅхрѕФрІјрЅй ( glass bakewares) Rectagular shape рїѕрЅарЅ│ рѕІрІГ рѕўрЅЁрѕерЅЦ рІерѕџрЅйрѕЅ рІЇрЅЦ рІерѕўрѕхрЅ│рІјрЅх рЇЊрЅхрѕФрІјрЅй рѕХрѕхрЅх рІерЅ░рѕѕрІФрІе рѕўрїаріЋ рІФрѕІрЅИрІЇ (3.1 рѕі рЇБ 2.5 рѕірЇБ 1.8рѕі ) рЇЊрЅхрѕФрІјрЅйріЋ рІерІФрІў рѕѕрѕІрІЏріЏ рЇБ рЇЊрѕхрЅ│ рЇЇрѕГріќрЇБ рігріГ рЅ░рѕўрѕФрїГ рІЇрЅЦріЊ рѕЏрѕФріф рїѕрЅарЅ│ рѕІрІГ рѕўрЅЁрѕерЅЦ рІерѕџрЅйрѕЅ рІЇрЇЇрѕФрѕЮ рѕЏріЋріЏрІЇріЋрѕЮ рѕЎрЅђрЅх рІерѕџрЅІрЅІрѕЮ рІІрїІрЇд рѕХрѕхрЅ▒ріЋ рЅа 3800 рЅЦрѕГ рІЇрѕхріЋ рЇЇрѕг ріљрІЇ рІФрѕѕріЋ/ Limited Stock ріарІхрѕФрѕ╗ рЅЂ.1 рѕўрїѕріЊріЏ рЅ│рѕю рїІрѕх рѕЁріЋрЇЃ рїјріЋ рѕхрѕф ріцрѕЮ рѕ▓рЅ▓ рѕърѕЇ рѕЂрѕѕрЅ░ріЏ рЇјрЅЁ рЅбрѕ« рЅЂ. SL-05A(ріе рѕірЇЇрЅ▒ рЇірЅх рѕѕ рЇірЅх) рЅЂ.2 рѕѕрЅА рѕўрІ│рѕЁріњрІЊрѕѕрѕЮ рЅцрЅ░/ріГрѕГрѕхрЅ▓рІФріЋ 100рѕю рІѕрІ░ рѕЎрІџрЅЃ рЅцрЅх ріерЇЇ рЅЦрѕј #рІЏрѕЮ_рѕърѕЇ 2ріЏ рЇјрЅЁ рЅбрѕ«.рЅЂ 214 0909522840 0923350054 рѕѕрЅА рЅЁрѕГріЋрїФрЇЇ0973611819 рЅаTelegram рѕѕрѕЏрІўрІЮ Рцх№ИЈ рІГрїарЅђрѕЎ рѕѕрЅ░рїерѕЏрѕф рѕЏрЅЦрѕФрѕфрІФ рІерЅ┤рѕїрїЇрѕФрѕЮ рїѕрЇЃрЅйріЋРцх№ИЈ
"­ЪњЦ360┬░ rotating cake turntable 

­ЪЉЅSize-28cm

­ЪЉЅcake-decorating turntable makes it simple to decorate profrssional looking desserts at home

­ЪЉЅgreat for left and right handed decorates makes the decorating process easy

­ЪЉЅnon slip surface on top of the patform keeps cake or cake board in place while you decorate

┬а┬а┬а┬а┬а┬а┬а┬а┬а рІІрїІ:-1300рЅЦрѕГ

­ЪЊЇрІЇрѕхріЋ рЇЇрѕг ріљрІЇ рІФрѕѕріЋ/ Limited Stock

­ЪЈб ріарІхрѕФрѕ╗ рЅЂ.1 ­ЪЉЅ рѕўрїѕріЊріЏ рЅ│рѕю рїІрѕх рѕЁріЋрЇЃ рїјріЋ рѕхрѕф ріцрѕЮ рѕ▓рЅ▓ рѕърѕЇ┬а рѕЂрѕѕрЅ░ріЏ рЇјрЅЁ рЅбрѕ« рЅЂ. SL-05A(ріе рѕірЇЇрЅ▒ рЇірЅх рѕѕ рЇірЅх)

­ЪЊЇрЅЂ.2 ­ЪЉЅрѕѕрЅА┬а рѕўрІ│рѕЁріњрІЊрѕѕрѕЮ рЅцрЅ░/ріГрѕГрѕхрЅ▓рІФріЋ┬а100рѕю рІѕрІ░ рѕЎрІџрЅЃ рЅцрЅх ріерЇЇ рЅЦрѕј┬а #рІЏрѕЮ_рѕърѕЇ 2ріЏ рЇјрЅЁ рЅбрѕ«.рЅЂ 214


┬а┬а┬а ­ЪЊ▓ 0909522840
┬а┬а┬а ­ЪЊ▓ 0923350054

­ЪЉЇрѕѕрЅА┬арЅЁрѕГріЋрїФрЇЇ­ЪЊ▓0973611819


­Ъћќ
­Ъњг┬а рЅаTelegram рѕѕрѕЏрІўрІЮ Рцх№ИЈ рІГрїарЅђрѕЎ
@shager_onlinestore
┬а 
рѕѕрЅ░рїерѕЏрѕф рѕЏрЅЦрѕФрѕфрІФ рІерЅ┤рѕїрїЇрѕФрѕЮ рїѕрЇЃрЅйріЋРцх№ИЈ
https://t.me/Shageronlinestore
┬а",2025-06-09 08:39:32+00:00,4985,7307,Shageronlinestore,360┬░ rotating cake turntable Size-28cm cake-decorating turntable makes it simple to decorate profrssional looking desserts at home great for left and right handed decorates makes the decorating process easy non slip surface on top of the patform keeps cake or cake board in place while you decorate рІІрїІ:-1300рЅЦрѕГ рІЇрѕхріЋ рЇЇрѕг ріљрІЇ рІФрѕѕріЋ/ Limited Stock ріарІхрѕФрѕ╗ рЅЂ.1 рѕўрїѕріЊріЏ рЅ│рѕю рїІрѕх рѕЁріЋрЇЃ рїјріЋ рѕхрѕф ріцрѕЮ рѕ▓рЅ▓ рѕърѕЇ рѕЂрѕѕрЅ░ріЏ рЇјрЅЁ рЅбрѕ« рЅЂ. SL-05A(ріе рѕірЇЇрЅ▒ рЇірЅх рѕѕ рЇірЅх) рЅЂ.2 рѕѕрЅА рѕўрІ│рѕЁріњрІЊрѕѕрѕЮ рЅцрЅ░/ріГрѕГрѕхрЅ▓рІФріЋ 100рѕю рІѕрІ░ рѕЎрІџрЅЃ рЅцрЅх ріерЇЇ рЅЦрѕј #рІЏрѕЮ_рѕърѕЇ 2ріЏ рЇјрЅЁ рЅбрѕ«.рЅЂ 214 0909522840 0923350054 рѕѕрЅА рЅЁрѕГріЋрїФрЇЇ0973611819 рЅаTelegram рѕѕрѕЏрІўрІЮ Рцх№ИЈ рІГрїарЅђрѕЎ рѕѕрЅ░рїерѕЏрѕф рѕЏрЅЦрѕФрѕфрІФ рІерЅ┤рѕїрїЇрѕФрѕЮ рїѕрЇЃрЅйріЋРцх№ИЈ
"­ЪњЦ­ЪњЦ...................................­ЪњЦ­ЪњЦ

­ЪЊї Baby knee socks

­ЪЉЇрѕЇрїЁрІј рѕўрІ│рѕЁ рЅарѕџрїђрѕЮрѕЕрЅарЅх рїірІю рЅ░рѕўрѕФрїГ

рІІрїІрЇд┬а ­Ъњ▓­ЪЈи┬а 250 рЅЦрѕГ

­ЪЊЇрІЇрѕхріЋ рЇЇрѕг ріљрІЇ рІФрѕѕріЋ­ЪћЦ­ЪћЦ­ЪћЦ

­ЪЈб ріарІхрѕФрѕ╗­ЪЉЅ

­ЪЊЇРЎд№ИЈ#рѕўрїѕріЊріЏ_рѕўрѕ░рѕерЅх_рІ░рЇІрѕГ_рѕърѕЇ_рѕЂрѕѕрЅ░ріЏ_рЇјрЅЁ рЅбрѕ« рЅЂ. S05/S06


┬а┬а┬а┬а ­ЪњД­ЪњД­ЪњД­ЪњД


┬а┬а┬а ­ЪЊ▓ 0902660722
┬а┬а┬а ­ЪЊ▓ 0928460606 

­Ъћќ
­ЪњгрЅаTelegram рѕѕрѕЏрІўрІЮ Рцх№ИЈ рІГрїарЅђрѕЎ­Ъћй

@zemencallcenter 

@zemenexpressadmin

рѕѕрЅ░рїерѕЏрѕф рѕЏрЅЦрѕФрѕфрІФ рІерЅ┤рѕїрїЇрѕФрѕЮ рїѕрЇЃрЅйріЋРцх№ИЈ
https://telegram.me/zemenexpress

­ЪњЦ­ЪњЦ...................................­ЪњЦ­ЪњЦ",2025-06-14 13:42:04+00:00,2917,6964,ZemenExpress,................................... Baby knee socks рѕЇрїЁрІј рѕўрІ│рѕЁ рЅарѕџрїђрѕЮрѕЕрЅарЅх рїірІю рЅ░рѕўрѕФрїГ рІІрїІрЇд 250 рЅЦрѕГ рІЇрѕхріЋ рЇЇрѕг ріљрІЇ рІФрѕѕріЋ ріарІхрѕФрѕ╗ РЎд№ИЈ#рѕўрїѕріЊріЏ_рѕўрѕ░рѕерЅх_рІ░рЇІрѕГ_рѕърѕЇ_рѕЂрѕѕрЅ░ріЏ_рЇјрЅЁ рЅбрѕ« рЅЂ. S05/S06 0902660722 0928460606 рЅаTelegram рѕѕрѕЏрІўрІЮ Рцх№ИЈ рІГрїарЅђрѕЎ рѕѕрЅ░рїерѕЏрѕф рѕЏрЅЦрѕФрѕфрІФ рІерЅ┤рѕїрїЇрѕФрѕЮ рїѕрЇЃрЅйріЋРцх№ИЈ ...................................
"РюЁBRAND NEW 
Made in Vietnam 
Master Quality Only in our Shop 
Price 4,200birr  ­ЪўЇ­ЪћЦ­ЪћЦ
Size#40,41,42,43
­Ъћ┤FREE DELIVERY(рІФрѕЅрЅарЅх рЅдрЅ│ рІФрѕѕрЅ░рїерѕЏрѕф ріГрЇЇрІФ ріЦріЊрІ░рѕГрѕ│рѕѕріЋ­ЪЈЇ)
­Ъћ┤рѕѕрѕ▒рЅЁріЊ рЅЦрІЏрЅх рЅ░рѕеріФрЅбрІјрЅй рЅБрѕхрЅ░рІФрІерЅх
­ЪЊХ0977808897
­Ъћ╗­Ъћ╗­Ъћ╗ @Naty_boy 
ріарІхрѕФрѕ╗рЅйріЋ- рЅёрѕФ рѕХрЇірІФ рѕърѕЇ рѕЂрѕѕрЅ░ріЏ рЇјрЅЁ рѕ▒.рЅЂ 216",2024-08-04 08:53:27+00:00,2910,12625,aradabrand2,"РюЁBRAND NEW Made in Vietnam Master Quality Only in our Shop Price 4,200birr Size#40,41,42,43 FREE DELIVERY(рІФрѕЅрЅарЅх рЅдрЅ│ рІФрѕѕрЅ░рїерѕЏрѕф ріГрЇЇрІФ ріЦріЊрІ░рѕГрѕ│рѕѕріЋ) рѕѕрѕ▒рЅЁріЊ рЅЦрІЏрЅх рЅ░рѕеріФрЅбрІјрЅй рЅБрѕхрЅ░рІФрІерЅх 0977808897 ріарІхрѕФрѕ╗рЅйріЋ- рЅёрѕФ рѕХрЇірІФ рѕърѕЇ рѕЂрѕѕрЅ░ріЏ рЇјрЅЁ рѕ▒.рЅЂ 216"
"РюЁBRAND NEW 
Made in Vietnam 
Master Quality Only in our Shop 
Price 3,600birr  ­ЪўЇ­ЪћЦ­ЪћЦ
Size#40,41,42,43
­Ъћ┤FREE DELIVERY(рІФрѕЅрЅарЅх рЅдрЅ│ рІФрѕѕрЅ░рїерѕЏрѕф ріГрЇЇрІФ ріЦріЊрІ░рѕГрѕ│рѕѕріЋ­ЪЈЇ)
­Ъћ┤рѕѕрѕ▒рЅЁріЊ рЅЦрІЏрЅх рЅ░рѕеріФрЅбрІјрЅй рЅБрѕхрЅ░рІФрІерЅх
­ЪЊХ0977808897
­Ъћ╗­Ъћ╗­Ъћ╗ @Naty_boy 
ріарІхрѕФрѕ╗рЅйріЋ- рЅёрѕФ рѕХрЇірІФ рѕърѕЇ рѕЂрѕѕрЅ░ріЏ рЇјрЅЁ рѕ▒.рЅЂ 216",2024-08-04 08:49:16+00:00,3029,12615,aradabrand2,"РюЁBRAND NEW Made in Vietnam Master Quality Only in our Shop Price 3,600birr Size#40,41,42,43 FREE DELIVERY(рІФрѕЅрЅарЅх рЅдрЅ│ рІФрѕѕрЅ░рїерѕЏрѕф ріГрЇЇрІФ ріЦріЊрІ░рѕГрѕ│рѕѕріЋ) рѕѕрѕ▒рЅЁріЊ рЅЦрІЏрЅх рЅ░рѕеріФрЅбрІјрЅй рЅБрѕхрЅ░рІФрІерЅх 0977808897 ріарІхрѕФрѕ╗рЅйріЋ- рЅёрѕФ рѕХрЇірІФ рѕърѕЇ рѕЂрѕѕрЅ░ріЏ рЇјрЅЁ рѕ▒.рЅЂ 216"
"­ЪћхNew Custom 
Made in Vietnam 
Master Quality Only in our Shop 
Price 3,500birr  ­ЪўЇ­ЪћЦ­ЪћЦ
Size#40,41,42,43
­Ъћ┤FREE DELIVERY(рІФрѕЅрЅарЅх рЅдрЅ│ рІФрѕѕрЅ░рїерѕЏрѕф ріГрЇЇрІФ ріЦріЊрІ░рѕГрѕ│рѕѕріЋ­ЪЈЇ)
­Ъћ┤рѕѕрѕ▒рЅЁріЊ рЅЦрІЏрЅх рЅ░рѕеріФрЅбрІјрЅй рЅБрѕхрЅ░рІФрІерЅх
­ЪЊХ0977808897
­Ъћ╗­Ъћ╗­Ъћ╗ @Naty_boy 
ріарІхрѕФрѕ╗рЅйріЋ- рЅёрѕФ рѕХрЇірІФ рѕърѕЇ рѕЂрѕѕрЅ░ріЏ рЇјрЅЁ рѕ▒.рЅЂ 216",2024-08-04 08:57:06+00:00,4313,12635,aradabrand2,"New Custom Made in Vietnam Master Quality Only in our Shop Price 3,500birr Size#40,41,42,43 FREE DELIVERY(рІФрѕЅрЅарЅх рЅдрЅ│ рІФрѕѕрЅ░рїерѕЏрѕф ріГрЇЇрІФ ріЦріЊрІ░рѕГрѕ│рѕѕріЋ) рѕѕрѕ▒рЅЁріЊ рЅЦрІЏрЅх рЅ░рѕеріФрЅбрІјрЅй рЅБрѕхрЅ░рІФрІерЅх 0977808897 ріарІхрѕФрѕ╗рЅйріЋ- рЅёрѕФ рѕХрЇірІФ рѕърѕЇ рѕЂрѕѕрЅ░ріЏ рЇјрЅЁ рѕ▒.рЅЂ 216"
"рѕѕрѕЏрІўрІЮ
@stay_positive_ever
рІФріЊрїЇрѕЕріЋрЇАрЇА
рѕЂрѕЅрѕЮ ріЦрЅЃрІјрЅ╗рЅйріЋ original ріЊрЅИрІЇ! рѕ▓рѕўрїБ ріФрѕЇрІѕрІ░рІ▒рЅх рІѕрІГрѕЮ original ріФрѕЇрѕєріљ рѕЃрѕІрЇіріљрЅ▒ріЋ ріЦріЋрІѕрѕхрІ│рѕѕріЋ!!",2024-05-29 07:42:29+00:00,21,81,ethiopia_online_market,рѕѕрѕЏрІўрІЮ рІФріЊрїЇрѕЕріЋрЇАрЇА рѕЂрѕЅрѕЮ ріЦрЅЃрІјрЅ╗рЅйріЋ original ріЊрЅИрІЇ! рѕ▓рѕўрїБ ріФрѕЇрІѕрІ░рІ▒рЅх рІѕрІГрѕЮ original ріФрѕЇрѕєріљ рѕЃрѕІрЇіріљрЅ▒ріЋ ріЦріЋрІѕрѕхрІ│рѕѕріЋ!!
"­ЪЊї­Ъћ╝ Long Sewer Cleaning Wire Spring

­Ъњ» рѕерїЁрѕЎ 1рѕюрЅхрѕГ ріе 60 рѕ│ріЋрЅ▓рѕЮ

Рюћ№ИЈрЅєрѕ╗рѕ╗ рІерІ░рЇѕріљрЅЦріЋріЋ рЅђрІ│рІ│рІјрЅй рЅарЅђрѕІрѕЅ рѕѕрѕўріГрЇѕрЅх рІерѕЏрІГрѕўрЅй рЅдрЅ│ рѕІрІГ рІЋрЅЃ рѕѕрѕўрѕ│рЅЦ рѕѕрѕўрЇѕрѕѕрїЇ рІерѕџрїарЅЁрѕЮ 

­ЪўЈBringing more convenience to the people in their daily life.
РџА№ИЈQuality iron wire and pp material
РџА№ИЈFlexible spring cable and retractable claws
РџА№ИЈLong enough to get deep into drains
РџА№ИЈRemove any clogs and debris
РџА№ИЈFor kitchen, bathroom, sinks, drain, tubs, etc.

­ЪЊЈLength :-┬а **1рѕюрЅхрѕГ ріе 60 рѕ│ріЋрЅ▓рѕЮ**┬а

┬а┬а┬а┬а┬а┬а ­Ъњх**650 рЅЦрѕГ**

**рІЇрѕхріЋ рЇЇрѕг ріљрІЇ рІерЅђрѕерІЇ** РЮїРЮїРЮї

Telegram - t.me/qnashcom
­Ъћ╝ рїЦрѕФрЅх Рюћ№ИЈрІІрѕхрЅхріЊ ­ЪЏЇрЅЁріЊрѕй

­ЪЈг ріарІхрѕФрѕ╗ рЇд 
рЅЂрїЦрѕГ 1 :- **рѕўрїѕріЊріЏ рІўрЇЇрѕўрѕй рїЇрѕФріЋрІх рѕърѕЇ 3 рЅ░ріЏ рЇјрЅЁ рЅЂрїЦрѕГ 329** 

рЅЂрїЦрѕГ 2 :- **рїђрѕъ 1 ріерѕѕрѕІ рѕЁріЋрЇЃ рїЇрѕФрІЇріЋрІх рѕѕрІГ G07 
**
РЮїРЮї **рѕЏрѕ│рѕ░рЅЦрІФ**: рѕ▒рЅЃрЅйріЋ рѕ▓рѕўрїА рЅхріГріГрѕѕріЏ рІеріЏ рѕ▒рЅЁ рѕўрѕєріЉ рІФрѕерїІрїЇрїА┬а рІерѕФрѕ│рЅйріЋ рѕјрїј рѕўріќрѕЕріЋ ріЦріЊ 329 / G07 рѕўрѕєріЉ рІФрѕерїІрїЇрїА !

рѕхрѕЇріГ:
­ЪЊ▒0946966440
­ЪЊ▒0992606060
­ЪЊ▒0905464599",2025-05-23 15:43:29+00:00,9109,4705,qnashcom,"Long Sewer Cleaning Wire Spring рѕерїЁрѕЎ 1рѕюрЅхрѕГ ріе 60 рѕ│ріЋрЅ▓рѕЮ Рюћ№ИЈрЅєрѕ╗рѕ╗ рІерІ░рЇѕріљрЅЦріЋріЋ рЅђрІ│рІ│рІјрЅй рЅарЅђрѕІрѕЅ рѕѕрѕўріГрЇѕрЅх рІерѕЏрІГрѕўрЅй рЅдрЅ│ рѕІрІГ рІЋрЅЃ рѕѕрѕўрѕ│рЅЦ рѕѕрѕўрЇѕрѕѕрїЇ рІерѕџрїарЅЁрѕЮ Bringing more convenience to the people in their daily life. РџА№ИЈQuality iron wire and pp material РџА№ИЈFlexible spring cable and retractable claws РџА№ИЈLong enough to get deep into drains РџА№ИЈRemove any clogs and debris РџА№ИЈFor kitchen, bathroom, sinks, drain, tubs, etc. Length :- **1рѕюрЅхрѕГ ріе 60 рѕ│ріЋрЅ▓рѕЮ** **650 рЅЦрѕГ** **рІЇрѕхріЋ рЇЇрѕг ріљрІЇ рІерЅђрѕерІЇ** РЮїРЮїРЮї Telegram - t.me/qnashcom рїЦрѕФрЅх Рюћ№ИЈрІІрѕхрЅхріЊ рЅЁріЊрѕй ріарІхрѕФрѕ╗ рЇд рЅЂрїЦрѕГ 1 :- **рѕўрїѕріЊріЏ рІўрЇЇрѕўрѕй рїЇрѕФріЋрІх рѕърѕЇ 3 рЅ░ріЏ рЇјрЅЁ рЅЂрїЦрѕГ 329** рЅЂрїЦрѕГ 2 :- **рїђрѕъ 1 ріерѕѕрѕІ рѕЁріЋрЇЃ рїЇрѕФрІЇріЋрІх рѕѕрІГ G07 ** РЮїРЮї **рѕЏрѕ│рѕ░рЅЦрІФ**: рѕ▒рЅЃрЅйріЋ рѕ▓рѕўрїА рЅхріГріГрѕѕріЏ рІеріЏ рѕ▒рЅЁ рѕўрѕєріЉ рІФрѕерїІрїЇрїА рІерѕФрѕ│рЅйріЋ рѕјрїј рѕўріќрѕЕріЋ ріЦріЊ 329 / G07 рѕўрѕєріЉ рІФрѕерїІрїЇрїА ! рѕхрѕЇріГ: 0946966440 0992606060 0905464599"
"­ЪњЦ­ЪњЦ...................................­ЪњЦ­ЪњЦ

­ЪЊїDoor Bottom Seal Strip Stopper
­ЪЉЇрЅарЅарѕГрІј рѕхрѕГ ріарЅДрѕФ ріЦріЊ ріљрЇЇрѕ│рЅх ріЦріЋрІ│рІГрїѕрЅБ 
┬а┬а┬а рІерѕџріерѕІріерѕЇ!!!
­Ъњ» High Quality 
┬«№ИЈ ріаріЋрІ░ріЏрІЇ рІѕрЇЇрѕФрѕЎ 

­Ъћ░Keep Hot and Cold Air isolated 
­Ъћ░ Reduce The Noise Outside and Door slamming 
­Ъћ░ No ­ЪдЪ ­Ъф░ ­Ъљђ ­Ъф│­ЪЋи№ИЈ­ЪљЏ­ЪдЌ
┬а┬а┬а

┬арІІрїІрЇд┬а ­Ъњх­ЪЈи┬а 400рЅЦрѕГ

РЎд№ИЈрІЇрѕхріЋ рЇЇрѕг ріљрІЇ рІФрѕѕрІЇ ­ЪћЦ­ЪћЦ­ЪћЦ

­ЪЈб ріарІхрѕФрѕ╗­ЪЉЅ

­ЪЊЇРЎд№ИЈ#рѕўрїѕріЊріЏ_рѕўрѕ░рѕерЅх_рІ░рЇІрѕГ_рѕърѕЇ_рѕЂрѕѕрЅ░ріЏ_рЇјрЅЁ рЅбрѕ« рЅЂ. S05/S06


┬а┬а┬а┬а ­ЪњД­ЪњД­ЪњД­ЪњД


┬а┬а┬а ­ЪЊ▓ 0902660722
┬а┬а┬а ­ЪЊ▓ 0928460606 

­Ъћќ
­ЪњгрЅаTelegram рѕѕрѕЏрІўрІЮ Рцх№ИЈ рІГрїарЅђрѕЎ­Ъћй

@zemencallcenter 

@zemenexpressadmin

рѕѕрЅ░рїерѕЏрѕф рѕЏрЅЦрѕФрѕфрІФ рІерЅ┤рѕїрїЇрѕФрѕЮ рїѕрЇЃрЅйріЋРцх№ИЈ
https://telegram.me/zemenexpress

­ЪњЦ­ЪњЦ...................................­ЪњЦ­ЪњЦ",2025-06-09 07:31:16+00:00,3369,6906,ZemenExpress,................................... Door Bottom Seal Strip Stopper рЅарЅарѕГрІј рѕхрѕГ ріарЅДрѕФ ріЦріЊ ріљрЇЇрѕ│рЅх ріЦріЋрІ│рІГрїѕрЅБ рІерѕџріерѕІріерѕЇ!!! High Quality ┬«№ИЈ ріаріЋрІ░ріЏрІЇ рІѕрЇЇрѕФрѕЎ Keep Hot and Cold Air isolated Reduce The Noise Outside and Door slamming No №ИЈ рІІрїІрЇд 400рЅЦрѕГ РЎд№ИЈрІЇрѕхріЋ рЇЇрѕг ріљрІЇ рІФрѕѕрІЇ ріарІхрѕФрѕ╗ РЎд№ИЈ#рѕўрїѕріЊріЏ_рѕўрѕ░рѕерЅх_рІ░рЇІрѕГ_рѕърѕЇ_рѕЂрѕѕрЅ░ріЏ_рЇјрЅЁ рЅбрѕ« рЅЂ. S05/S06 0902660722 0928460606 рЅаTelegram рѕѕрѕЏрІўрІЮ Рцх№ИЈ рІГрїарЅђрѕЎ рѕѕрЅ░рїерѕЏрѕф рѕЏрЅЦрѕФрѕфрІФ рІерЅ┤рѕїрїЇрѕФрѕЮ рїѕрЇЃрЅйріЋРцх№ИЈ ...................................
"­Ъїђ­Ъїђ­ЪЏњ Multifunction┬а Juice Extractor: 

­ЪњЦ ­ЪЇј­ЪЇЅ­ЪЇњ­ЪЇљ­Ъїй­ЪЇірѕѕріарЇЋрѕЇ рЅЦрѕГрЅ▒ріФріЋрЇБ ріФрѕ«рЅхрЇБ ріаріЊріЊрѕхрЇБ рЅ▓рѕЏрЅ▓рѕЮРђд рІерѕўрѕ│рѕ░рѕЅрЅхріЋ ріЦрІерїерѕўрЅђ рЅєрѕ╗рѕ╗рІЇріЋ рЇА рѕѕрЅЦрЅ╗рЇА ріЦрІФрїБрѕФрЇА рІЇрѕЃрІЇріЋ ріЦрІерїерѕўрЅђрЇА рІѕрІ░рѕФрѕ▒ рїєріГ рІерѕџрЅђрІ│рЇц 
­ЪД│ рІерЇЇрѕФрЇЇрѕгрЇц


┬а┬а┬а┬а рІІрїІрЇд РюЁ┬а┬а5,500 рЅЦрѕГ

рІЇрѕхріЋ рЇЇрѕг ріљрІЇ рІерЅђрѕерІЇ ­ЪћЦ

­ЪЈб ріарІхрѕФрѕ╗ рЅЂ.1 ­ЪЉЅ рѕўрїѕріЊріЏ рЅ│рѕю рїІрѕх рѕЁріЋрЇЃ рїјріЋ рѕхрѕф ріцрѕЮ рѕ▓рЅ▓ рѕърѕЇ┬а рѕЂрѕѕрЅ░ріЏ рЇјрЅЁ рЅбрѕ« рЅЂ. SL-05A(ріе рѕірЇЇрЅ▒ рЇірЅх рѕѕ рЇірЅх)

­ЪЊЇрЅЂ.2 ­ЪЉЅрѕѕрЅА┬а рѕўрІ│рѕЁріњрІЊрѕѕрѕЮ рЅцрЅ░/ріГрѕГрѕхрЅ▓рІФріЋ┬а100рѕю рІѕрІ░ рѕЎрІџрЅЃ рЅцрЅх ріерЇЇ рЅЦрѕј┬а #рІЏрѕЮ_рѕърѕЇ 2ріЏ рЇјрЅЁ рЅбрѕ«.рЅЂ 214


┬а┬а┬а ­ЪЊ▓ 0909522840
┬а┬а┬а ­ЪЊ▓ 0923350054

­ЪЉЇрѕѕрЅА┬арЅЁрѕГріЋрїФрЇЇ­ЪЊ▓0973611819


­Ъћќ
­Ъњг┬а рЅаTelegram рѕѕрѕЏрІўрІЮ Рцх№ИЈ рІГрїарЅђрѕЎ
@shager_onlinestore
┬а 
рѕѕрЅ░рїерѕЏрѕф рѕЏрЅЦрѕФрѕфрІФ рІерЅ┤рѕїрїЇрѕФрѕЮ рїѕрЇЃрЅйріЋРцх№ИЈ
https://t.me/Shageronlinestore",2025-06-14 06:32:45+00:00,4422,7342,Shageronlinestore,"Multifunction Juice Extractor: рѕѕріарЇЋрѕЇ рЅЦрѕГрЅ▒ріФріЋрЇБ ріФрѕ«рЅхрЇБ ріаріЊріЊрѕхрЇБ рЅ▓рѕЏрЅ▓рѕЮРђд рІерѕўрѕ│рѕ░рѕЅрЅхріЋ ріЦрІерїерѕўрЅђ рЅєрѕ╗рѕ╗рІЇріЋ рЇА рѕѕрЅЦрЅ╗рЇА ріЦрІФрїБрѕФрЇА рІЇрѕЃрІЇріЋ ріЦрІерїерѕўрЅђрЇА рІѕрІ░рѕФрѕ▒ рїєріГ рІерѕџрЅђрІ│рЇц рІерЇЇрѕФрЇЇрѕгрЇц рІІрїІрЇд РюЁ 5,500 рЅЦрѕГ рІЇрѕхріЋ рЇЇрѕг ріљрІЇ рІерЅђрѕерІЇ ріарІхрѕФрѕ╗ рЅЂ.1 рѕўрїѕріЊріЏ рЅ│рѕю рїІрѕх рѕЁріЋрЇЃ рїјріЋ рѕхрѕф ріцрѕЮ рѕ▓рЅ▓ рѕърѕЇ рѕЂрѕѕрЅ░ріЏ рЇјрЅЁ рЅбрѕ« рЅЂ. SL-05A(ріе рѕірЇЇрЅ▒ рЇірЅх рѕѕ рЇірЅх) рЅЂ.2 рѕѕрЅА рѕўрІ│рѕЁріњрІЊрѕѕрѕЮ рЅцрЅ░/ріГрѕГрѕхрЅ▓рІФріЋ 100рѕю рІѕрІ░ рѕЎрІџрЅЃ рЅцрЅх ріерЇЇ рЅЦрѕј #рІЏрѕЮ_рѕърѕЇ 2ріЏ рЇјрЅЁ рЅбрѕ«.рЅЂ 214 0909522840 0923350054 рѕѕрЅА рЅЁрѕГріЋрїФрЇЇ0973611819 рЅаTelegram рѕѕрѕЏрІўрІЮ Рцх№ИЈ рІГрїарЅђрѕЎ рѕѕрЅ░рїерѕЏрѕф рѕЏрЅЦрѕФрѕфрІФ рІерЅ┤рѕїрїЇрѕФрѕЮ рїѕрЇЃрЅйріЋРцх№ИЈ"
"­ЪЊБ Hair Steamer Cap
­Ъћ╝ High Quality 

РъА№ИЈрІерЇђрїЅрѕГ ріЦрѕхрЅ▓рѕўрѕГ рЅхрѕфрЅхрѕўріЋрЅх рІѕрІГрѕЮ рЅЁрЅц рЅ░рЅђрЅЦрЅ░рІЇ рЅарЅцрЅХ рѕєріљрІЇ рІерѕџрїарЅђрѕЎрЅарЅх

┬а┬а┬а┬а┬а┬а┬а┬а┬а ­ЪњхрІІрїІрЇд **1000рЅЦрѕГ**

рІЇрѕхріЋ рЇЇрѕг ріљрІЇ рІерЅђрѕерІЇ РЮїРЮї
< Limited Stock РЮї

Telegram - t.me/qnashcom
РюЁ рїЦрѕФрЅх РюЁ рІІрѕхрЅхріЊ РюЁ рЅЁріЊрѕй

­ЪЈг ріарІхрѕФрѕ╗ рЇд 
рЅЂрїЦрѕГ 1 :- **рѕўрїѕріЊріЏ рІўрЇЇрѕўрѕй рїЇрѕФріЋрІх рѕърѕЇ 3 рЅ░ріЏ рЇјрЅЁ рЅЂрїЦрѕГ 329 **

рЅЂрїЦрѕГ 2 :- **рїђрѕъ 1 ріерѕѕрѕІ рѕЁріЋрЇЃ рїЇрѕФрІЇріЋрІх рѕѕрІГ G07 **

РЮїРЮї **рѕЏрѕ│рѕ░рЅЦрІФ**: рѕ▒рЅЃрЅйріЋ рѕ▓рѕўрїА рЅхріГріГрѕѕріЏ рІеріЏ рѕ▒рЅЁ рѕўрѕєріЉ рІФрѕерїІрїЇрїА┬а рІерѕФрѕ│рЅйріЋ рѕјрїј рѕўріќрѕЕріЋ ріЦріЊ 329 / G07 рѕўрѕєріЉ рІФрѕерїІрїЇрїА !

рѕхрѕЇріГ:
­ЪЊ▒0946966440
­ЪЊ▒0992606060
­ЪЊ▒0905464599",2025-05-10 09:38:53+00:00,10804,4670,qnashcom,Hair Steamer Cap High Quality РъА№ИЈрІерЇђрїЅрѕГ ріЦрѕхрЅ▓рѕўрѕГ рЅхрѕфрЅхрѕўріЋрЅх рІѕрІГрѕЮ рЅЁрЅц рЅ░рЅђрЅЦрЅ░рІЇ рЅарЅцрЅХ рѕєріљрІЇ рІерѕџрїарЅђрѕЎрЅарЅх рІІрїІрЇд **1000рЅЦрѕГ** рІЇрѕхріЋ рЇЇрѕг ріљрІЇ рІерЅђрѕерІЇ РЮїРЮї < Limited Stock РЮї Telegram - t.me/qnashcom РюЁ рїЦрѕФрЅх РюЁ рІІрѕхрЅхріЊ РюЁ рЅЁріЊрѕй ріарІхрѕФрѕ╗ рЇд рЅЂрїЦрѕГ 1 :- **рѕўрїѕріЊріЏ рІўрЇЇрѕўрѕй рїЇрѕФріЋрІх рѕърѕЇ 3 рЅ░ріЏ рЇјрЅЁ рЅЂрїЦрѕГ 329 ** рЅЂрїЦрѕГ 2 :- **рїђрѕъ 1 ріерѕѕрѕІ рѕЁріЋрЇЃ рїЇрѕФрІЇріЋрІх рѕѕрІГ G07 ** РЮїРЮї **рѕЏрѕ│рѕ░рЅЦрІФ**: рѕ▒рЅЃрЅйріЋ рѕ▓рѕўрїА рЅхріГріГрѕѕріЏ рІеріЏ рѕ▒рЅЁ рѕўрѕєріЉ рІФрѕерїІрїЇрїА рІерѕФрѕ│рЅйріЋ рѕјрїј рѕўріќрѕЕріЋ ріЦріЊ 329 / G07 рѕўрѕєріЉ рІФрѕерїІрїЇрїА ! рѕхрѕЇріГ: 0946966440 0992606060 0905464599
"РўђRechargeable Breast Pump

РюеBPA Free

­ЪЉІportable

┬а┬а┬а┬а рІІрїІрЇд┬а 2,100 рЅЦрѕГ

­ЪЈб ріарІхрѕФрѕ╗ рЅЂ.1 ­ЪЉЅ рѕўрїѕріЊріЏ рЅ│рѕю рїІрѕх рѕЁріЋрЇЃ рїјріЋ рѕхрѕф ріцрѕЮ рѕ▓рЅ▓ рѕърѕЇ┬а рѕЂрѕѕрЅ░ріЏ рЇјрЅЁ рЅбрѕ« рЅЂ. SL-05A(ріе рѕірЇЇрЅ▒ рЇірЅх рѕѕ рЇірЅх)

­ЪЊЇрЅЂ.2 ­ЪЉЅрѕѕрЅА┬а рѕўрІ│рѕЁріњрІЊрѕѕрѕЮ рЅцрЅ░/ріГрѕГрѕхрЅ▓рІФріЋ рЇірЅх рѕѕрЇірЅх┬а #рІЏрѕЮ_рѕърѕЇ 2ріЏ рЇјрЅЁ рЅбрѕ« рЅЂрїЦрѕГ.214


┬а┬а┬а ­ЪЊ▓ 0909522840
┬а┬а┬а ­ЪЊ▓ 0923350054

­ЪЉЇрѕѕрЅА┬арЅЁрѕГріЋрїФрЇЇ­ЪЊ▓0973611819

­Ъћќ
­Ъњг┬а рЅаTelegram рѕѕрѕЏрІўрІЮ Рцх№ИЈ рІГрїарЅђрѕЎ
@shager_onlinestore
┬а 
рѕѕрЅ░рїерѕЏрѕф рѕЏрЅЦрѕФрѕфрІФ рІерЅ┤рѕїрїЇрѕФрѕЮ рїѕрЇЃрЅйріЋРцх№ИЈ
https://t.me/Shageronlinestore",2025-06-12 08:36:47+00:00,4300,7316,Shageronlinestore,"РўђRechargeable Breast Pump РюеBPA Free portable рІІрїІрЇд 2,100 рЅЦрѕГ ріарІхрѕФрѕ╗ рЅЂ.1 рѕўрїѕріЊріЏ рЅ│рѕю рїІрѕх рѕЁріЋрЇЃ рїјріЋ рѕхрѕф ріцрѕЮ рѕ▓рЅ▓ рѕърѕЇ рѕЂрѕѕрЅ░ріЏ рЇјрЅЁ рЅбрѕ« рЅЂ. SL-05A(ріе рѕірЇЇрЅ▒ рЇірЅх рѕѕ рЇірЅх) рЅЂ.2 рѕѕрЅА рѕўрІ│рѕЁріњрІЊрѕѕрѕЮ рЅцрЅ░/ріГрѕГрѕхрЅ▓рІФріЋ рЇірЅх рѕѕрЇірЅх #рІЏрѕЮ_рѕърѕЇ 2ріЏ рЇјрЅЁ рЅбрѕ« рЅЂрїЦрѕГ.214 0909522840 0923350054 рѕѕрЅА рЅЁрѕГріЋрїФрЇЇ0973611819 рЅаTelegram рѕѕрѕЏрІўрІЮ Рцх№ИЈ рІГрїарЅђрѕЎ рѕѕрЅ░рїерѕЏрѕф рѕЏрЅЦрѕФрѕфрІФ рІерЅ┤рѕїрїЇрѕФрѕЮ рїѕрЇЃрЅйріЋРцх№ИЈ"
"РюЁCHEKICH
Made in TURKEY
Master Quality Only in our Shop 
Price 5,500birr  ­ЪўЇ­ЪћЦ­ЪћЦ
Size#40,41,42,43
­Ъћ┤FREE DELIVERY(рІФрѕЅрЅарЅх рЅдрЅ│ рІФрѕѕрЅ░рїерѕЏрѕф ріГрЇЇрІФ ріЦріЊрІ░рѕГрѕ│рѕѕріЋ­ЪЈЇ)
­Ъћ┤рѕѕрѕ▒рЅЁріЊ рЅЦрІЏрЅх рЅ░рѕеріФрЅбрІјрЅй рЅБрѕхрЅ░рІФрІерЅх
­ЪЊХ0977808897
­Ъћ╗­Ъћ╗­Ъћ╗ @Naty_boy 
ріарІхрѕФрѕ╗рЅйріЋ- рЅёрѕФ рѕХрЇірІФ рѕърѕЇ рѕЂрѕѕрЅ░ріЏ рЇјрЅЁ рѕ▒.рЅЂ 216",2024-07-11 12:20:31+00:00,2645,12610,aradabrand2,"РюЁCHEKICH Made in TURKEY Master Quality Only in our Shop Price 5,500birr Size#40,41,42,43 FREE DELIVERY(рІФрѕЅрЅарЅх рЅдрЅ│ рІФрѕѕрЅ░рїерѕЏрѕф ріГрЇЇрІФ ріЦріЊрІ░рѕГрѕ│рѕѕріЋ) рѕѕрѕ▒рЅЁріЊ рЅЦрІЏрЅх рЅ░рѕеріФрЅбрІјрЅй рЅБрѕхрЅ░рІФрІерЅх 0977808897 ріарІхрѕФрѕ╗рЅйріЋ- рЅёрѕФ рѕХрЇірІФ рѕърѕЇ рѕЂрѕѕрЅ░ріЏ рЇјрЅЁ рѕ▒.рЅЂ 216"
"­ЪњЦExpanding Cookware Organiser

­ЪЉЅminimum size 30.5cm
­ЪЉЅMaximum size 56cm

┬а┬а┬а┬а┬а┬а┬а┬а рІІрїІрЇд┬а850 рЅЦрѕГ

РЎд№ИЈрІЇрѕхріЋ рЇЇрѕг ріљрІЇ рІФрѕѕрІЇ ­ЪћЦ­ЪћЦ­ЪћЦ

­ЪЈб ріарІхрѕФрѕ╗┬а ­ЪЉЅ рѕўрїѕріЊріЏ рѕхрѕф ріцрѕЮ рѕ▓рЅ▓ рѕърѕЇ┬а рѕЂрѕѕрЅ░ріЏ рЇјрЅЁ рЅбрѕ« рЅЂ. SL-05A(ріе рѕірЇЇрЅ▒ рЇірЅх рѕѕ рЇірЅх)

┬а┬а┬а┬а­ЪЊЇрЅЂ.2 ­ЪЉЅрѕѕрЅА┬а рѕўрІ│рѕЁріњрІЊрѕѕрѕЮ рЅцрЅ░/ріГрѕГрѕхрЅ▓рІФріЋ┬а100рѕю рІѕрІ░ рѕЎрІџрЅЃ рЅцрЅх ріерЇЇ рЅЦрѕј┬а #рІЏрѕЮ_рѕърѕЇ 2ріЏ рЇјрЅЁ рЅбрѕ«.рЅЂ 214


┬а┬а┬а ­ЪЊ▓ 0909522840
┬а┬а┬а ­ЪЊ▓ 0923350054

­ЪЉЇрѕѕрЅА┬арЅЁрѕГріЋрїФрЇЇ­ЪЊ▓0973611819


­Ъћќ
­Ъњг┬а рЅаTelegram рѕѕрѕЏрІўрІЮ Рцх№ИЈ рІГрїарЅђрѕЎ
@shager_onlinestore
┬а 
рѕѕрЅ░рїерѕЏрѕф рѕЏрЅЦрѕФрѕфрІФ рІерЅ┤рѕїрїЇрѕФрѕЮ рїѕрЇЃрЅйріЋРцх№ИЈ
https://t.me/Shageronlinestore",2025-06-13 06:21:44+00:00,4664,7329,Shageronlinestore,Expanding Cookware Organiser minimum size 30.5cm Maximum size 56cm рІІрїІрЇд 850 рЅЦрѕГ РЎд№ИЈрІЇрѕхріЋ рЇЇрѕг ріљрІЇ рІФрѕѕрІЇ ріарІхрѕФрѕ╗ рѕўрїѕріЊріЏ рѕхрѕф ріцрѕЮ рѕ▓рЅ▓ рѕърѕЇ рѕЂрѕѕрЅ░ріЏ рЇјрЅЁ рЅбрѕ« рЅЂ. SL-05A(ріе рѕірЇЇрЅ▒ рЇірЅх рѕѕ рЇірЅх) рЅЂ.2 рѕѕрЅА рѕўрІ│рѕЁріњрІЊрѕѕрѕЮ рЅцрЅ░/ріГрѕГрѕхрЅ▓рІФріЋ 100рѕю рІѕрІ░ рѕЎрІџрЅЃ рЅцрЅх ріерЇЇ рЅЦрѕј #рІЏрѕЮ_рѕърѕЇ 2ріЏ рЇјрЅЁ рЅбрѕ«.рЅЂ 214 0909522840 0923350054 рѕѕрЅА рЅЁрѕГріЋрїФрЇЇ0973611819 рЅаTelegram рѕѕрѕЏрІўрІЮ Рцх№ИЈ рІГрїарЅђрѕЎ рѕѕрЅ░рїерѕЏрѕф рѕЏрЅЦрѕФрѕфрІФ рІерЅ┤рѕїрїЇрѕФрѕЮ рїѕрЇЃрЅйріЋРцх№ИЈ
"­ЪЊї­ЪћЦ­ЪдхKnee Pain Relief Patch 

­ЪдхSpecifically designed for maximum absorption into the knee so you can feel relieved instantly. 
­Ъдх Provides direct relief to any┬а affected area of the knee and without the side effects of regular medications 
­Ъдх Made from Chinese roots and herbs 
­Ъдх Has 10 medicated┬аpatches in one pack
┬а┬а┬а┬а┬а┬а┬а┬а┬а┬а
┬а┬а┬а┬а┬а┬а┬а┬а┬а ┬а┬а ­Ъњ▓450 рЅЦрѕГ

рІЇрѕхріЋ рЇЇрѕг ріљрІЇ рІерЅђрѕерІЇ РЮїРЮї┬а┬а┬а┬а┬а┬а┬а┬а┬а┬а┬а

Telegram - t.me/qnashcom ­ЪЉЅ

Рўё№ИЈрїЦрѕФрЅх Рюћ№ИЈ рІІрѕхрЅхріЊ ­ЪЏЇ рЅЁріЊрѕй

­ЪЊЇріарІхрѕФрѕ╗ рЇд 
­ЪЌ║**рЅЂрїЦрѕГ 1 :- рѕўрїѕріЊріЏ рІўрЇЇрѕўрѕй рїЇрѕФріЋрІх рѕърѕЇ 3 рЅ░ріЏ рЇјрЅЁ рЅЂрїЦрѕГ 329** 

­ЪЌ║**рЅЂрїЦрѕГ 2 :- рїђрѕъ 1 ріерѕѕрѕІ рѕЁріЋрЇЃ рїЇрѕФрІЇріЋрІх рѕѕрІГ G07 **

РЮїРЮї **рѕЏрѕ│рѕ░рЅЦрІФ**: рѕ▒рЅЃрЅйріЋ рѕ▓рѕўрїА рЅхріГріГрѕѕріЏ рІеріЏ рѕ▒рЅЁ рѕўрѕєріЉ рІФрѕерїІрїЇрїА┬а рІерѕФрѕ│рЅйріЋ рѕјрїј рѕўріќрѕЕріЋ ріЦріЊ 329 / G07 рѕўрѕєріЉ рІФрѕерїІрїЇрїА !

рѕхрѕЇріГ:
­ЪЊ▒0946966440
­ЪЊ▒0992606060
­ЪЊ▒0905464599",2025-04-29 15:11:02+00:00,10077,4639,qnashcom,Knee Pain Relief Patch Specifically designed for maximum absorption into the knee so you can feel relieved instantly. Provides direct relief to any affected area of the knee and without the side effects of regular medications Made from Chinese roots and herbs Has 10 medicated patches in one pack 450 рЅЦрѕГ рІЇрѕхріЋ рЇЇрѕг ріљрІЇ рІерЅђрѕерІЇ РЮїРЮї Telegram - t.me/qnashcom Рўё№ИЈрїЦрѕФрЅх Рюћ№ИЈ рІІрѕхрЅхріЊ рЅЁріЊрѕй ріарІхрѕФрѕ╗ рЇд **рЅЂрїЦрѕГ 1 :- рѕўрїѕріЊріЏ рІўрЇЇрѕўрѕй рїЇрѕФріЋрІх рѕърѕЇ 3 рЅ░ріЏ рЇјрЅЁ рЅЂрїЦрѕГ 329** **рЅЂрїЦрѕГ 2 :- рїђрѕъ 1 ріерѕѕрѕІ рѕЁріЋрЇЃ рїЇрѕФрІЇріЋрІх рѕѕрІГ G07 ** РЮїРЮї **рѕЏрѕ│рѕ░рЅЦрІФ**: рѕ▒рЅЃрЅйріЋ рѕ▓рѕўрїА рЅхріГріГрѕѕріЏ рІеріЏ рѕ▒рЅЁ рѕўрѕєріЉ рІФрѕерїІрїЇрїА рІерѕФрѕ│рЅйріЋ рѕјрїј рѕўріќрѕЕріЋ ріЦріЊ 329 / G07 рѕўрѕєріЉ рІФрѕерїІрїЇрїА ! рѕхрѕЇріГ: 0946966440 0992606060 0905464599
"рѕѕрѕЏрІўрІЮ
@stay_positive_ever
рІФріЊрїЇрѕЕріЋрЇАрЇА
рѕЂрѕЅрѕЮ ріЦрЅЃрІјрЅ╗рЅйріЋ original ріЊрЅИрІЇ! рѕ▓рѕўрїБ ріФрѕЇрІѕрІ░рІ▒рЅх рІѕрІГрѕЮ original ріФрѕЇрѕєріљ рѕЃрѕІрЇіріљрЅ▒ріЋ ріЦріЋрІѕрѕхрІ│рѕѕріЋ!!",2024-05-29 07:41:03+00:00,13,65,ethiopia_online_market,рѕѕрѕЏрІўрІЮ рІФріЊрїЇрѕЕріЋрЇАрЇА рѕЂрѕЅрѕЮ ріЦрЅЃрІјрЅ╗рЅйріЋ original ріЊрЅИрІЇ! рѕ▓рѕўрїБ ріФрѕЇрІѕрІ░рІ▒рЅх рІѕрІГрѕЮ original ріФрѕЇрѕєріљ рѕЃрѕІрЇіріљрЅ▒ріЋ ріЦріЋрІѕрѕхрІ│рѕѕріЋ!!
"­ЪњЦMomcoc Smiley Face Non Stick Pancake Pan ­Ъўѓ­Ъўє

РџА№ИЈ Granite coated pan
РџА№ИЈ100% рІерѕЏрІГрІЮ
РџА№ИЈ рЅаріаріЋрІх рїЇрІю 7 рігріГ рІГрїІрїЇрѕФрѕЇ

┬а┬арІІрїІрЇд┬а ­Ъњ░┬а1700 рЅЦрѕГ

­ЪЊЇрІЇрѕхріЋ рЇЇрѕг ріљрІЇ рІФрѕѕріЋ/ Limited Stock

­ЪЈб ріарІхрѕФрѕ╗ рЅЂ.1 ­ЪЉЅ рѕўрїѕріЊріЏ рЅ│рѕю рїІрѕх рѕЁріЋрЇЃ рїјріЋ рѕхрѕф ріцрѕЮ рѕ▓рЅ▓ рѕърѕЇ┬а рѕЂрѕѕрЅ░ріЏ рЇјрЅЁ рЅбрѕ« рЅЂ. SL-05A(ріе рѕірЇЇрЅ▒ рЇірЅх рѕѕ рЇірЅх)

­ЪЊЇрЅЂ.2 ­ЪЉЅрѕѕрЅА┬а рѕўрІ│рѕЁріњрІЊрѕѕрѕЮ рЅцрЅ░/ріГрѕГрѕхрЅ▓рІФріЋ рЇірЅх рѕѕрЇірЅх┬а #рІЏрѕЮ_рѕърѕЇ 2ріЏ рЇјрЅЁ рЅбрѕ« рЅЂрїЦрѕГ.214


┬а┬а┬а ­ЪЊ▓ 0909522840
┬а┬а┬а ­ЪЊ▓ 0923350054

­ЪЉЇрѕѕрЅА┬арЅЁрѕГріЋрїФрЇЇ­ЪЊ▓0973611819

­Ъћќ
­Ъњг┬а рЅаTelegram рѕѕрѕЏрІўрІЮ Рцх№ИЈ рІГрїарЅђрѕЎ
@shager_onlinestore
┬а 
рѕѕрЅ░рїерѕЏрѕф рѕЏрЅЦрѕФрѕфрІФ рІерЅ┤рѕїрїЇрѕФрѕЮ рїѕрЇЃрЅйріЋРцх№ИЈ
https://t.me/Shageronlinestore",2025-06-06 12:57:41+00:00,7024,7301,Shageronlinestore,Momcoc Smiley Face Non Stick Pancake Pan РџА№ИЈ Granite coated pan РџА№ИЈ100% рІерѕЏрІГрІЮ РџА№ИЈ рЅаріаріЋрІх рїЇрІю 7 рігріГ рІГрїІрїЇрѕФрѕЇ рІІрїІрЇд 1700 рЅЦрѕГ рІЇрѕхріЋ рЇЇрѕг ріљрІЇ рІФрѕѕріЋ/ Limited Stock ріарІхрѕФрѕ╗ рЅЂ.1 рѕўрїѕріЊріЏ рЅ│рѕю рїІрѕх рѕЁріЋрЇЃ рїјріЋ рѕхрѕф ріцрѕЮ рѕ▓рЅ▓ рѕърѕЇ рѕЂрѕѕрЅ░ріЏ рЇјрЅЁ рЅбрѕ« рЅЂ. SL-05A(ріе рѕірЇЇрЅ▒ рЇірЅх рѕѕ рЇірЅх) рЅЂ.2 рѕѕрЅА рѕўрІ│рѕЁріњрІЊрѕѕрѕЮ рЅцрЅ░/ріГрѕГрѕхрЅ▓рІФріЋ рЇірЅх рѕѕрЇірЅх #рІЏрѕЮ_рѕърѕЇ 2ріЏ рЇјрЅЁ рЅбрѕ« рЅЂрїЦрѕГ.214 0909522840 0923350054 рѕѕрЅА рЅЁрѕГріЋрїФрЇЇ0973611819 рЅаTelegram рѕѕрѕЏрІўрІЮ Рцх№ИЈ рІГрїарЅђрѕЎ рѕѕрЅ░рїерѕЏрѕф рѕЏрЅЦрѕФрѕфрІФ рІерЅ┤рѕїрїЇрѕФрѕЮ рїѕрЇЃрЅйріЋРцх№ИЈ
"рѕѕрѕЏрІўрІЮ
@stay_positive_ever
рІФріЊрїЇрѕЕріЋрЇАрЇА
рѕЂрѕЅрѕЮ ріЦрЅЃрІјрЅ╗рЅйріЋ original ріЊрЅИрІЇ! рѕ▓рѕўрїБ ріФрѕЇрІѕрІ░рІ▒рЅх рІѕрІГрѕЮ original ріФрѕЇрѕєріљ рѕЃрѕІрЇіріљрЅ▒ріЋ ріЦріЋрІѕрѕхрІ│рѕѕріЋ!!",2024-05-29 14:19:43+00:00,47,106,ethiopia_online_market,рѕѕрѕЏрІўрІЮ рІФріЊрїЇрѕЕріЋрЇАрЇА рѕЂрѕЅрѕЮ ріЦрЅЃрІјрЅ╗рЅйріЋ original ріЊрЅИрІЇ! рѕ▓рѕўрїБ ріФрѕЇрІѕрІ░рІ▒рЅх рІѕрІГрѕЮ original ріФрѕЇрѕєріљ рѕЃрѕІрЇіріљрЅ▒ріЋ ріЦріЋрІѕрѕхрІ│рѕѕріЋ!!
"РюЁLeather comfort
Made in Vietnam 
Master Quality Only in our Shop 
Price 3,800birr  ­ЪўЇ­ЪћЦ­ЪћЦ
Size#40,41,42,43
­Ъћ┤FREE DELIVERY(рІФрѕЅрЅарЅх рЅдрЅ│ рІФрѕѕрЅ░рїерѕЏрѕф ріГрЇЇрІФ ріЦріЊрІ░рѕГрѕ│рѕѕріЋ­ЪЈЇ)
­Ъћ┤рѕѕрѕ▒рЅЁріЊ рЅЦрІЏрЅх рЅ░рѕеріФрЅбрІјрЅй рЅБрѕхрЅ░рІФрІерЅх
­ЪЊХ0977808897
­Ъћ╗­Ъћ╗­Ъћ╗ @Naty_boy 
ріарІхрѕФрѕ╗рЅйріЋ- рЅёрѕФ рѕХрЇірІФ рѕърѕЇ рѕЂрѕѕрЅ░ріЏ рЇјрЅЁ рѕ▒.рЅЂ 216",2024-07-08 09:15:41+00:00,1902,12558,aradabrand2,"РюЁLeather comfort Made in Vietnam Master Quality Only in our Shop Price 3,800birr Size#40,41,42,43 FREE DELIVERY(рІФрѕЅрЅарЅх рЅдрЅ│ рІФрѕѕрЅ░рїерѕЏрѕф ріГрЇЇрІФ ріЦріЊрІ░рѕГрѕ│рѕѕріЋ) рѕѕрѕ▒рЅЁріЊ рЅЦрІЏрЅх рЅ░рѕеріФрЅбрІјрЅй рЅБрѕхрЅ░рІФрІерЅх 0977808897 ріарІхрѕФрѕ╗рЅйріЋ- рЅёрѕФ рѕХрЇірІФ рѕърѕЇ рѕЂрѕѕрЅ░ріЏ рЇјрЅЁ рѕ▒.рЅЂ 216"
"­ЪЊї Garlic press Chopper


­ЪЉЇKitchen ginger garlic press.Quick grinding.Saving you time.
­ЪЉЇManual extrusion and grinding.
­ЪЉЇStainless steel material.Food grade safety material.Durable and easy to clean.
­ЪЉЇCurved plastic handle.Comfortable to use.

рІІрїІрЇд┬а ­Ъњх­ЪЈи 350 рЅЦрѕГ

РЎд№ИЈрІЇрѕхріЋ рЇЇрѕг ріљрІЇ рІФрѕѕрІЇ ­Ъўђ­Ъўђ­Ъўђ

­ЪЈб ріарІхрѕФрѕ╗­ЪЉЅ

­ЪЊЇРЎд№ИЈ#рѕўрїѕріЊріЏ_рѕўрѕ░рѕерЅх_рІ░рЇІрѕГ_рѕърѕЇ_рѕЂрѕѕрЅ░ріЏ_рЇјрЅЁ рЅбрѕ« рЅЂ. S05/S06


┬а┬а┬а┬а ­ЪњД­ЪњД­ЪњД­ЪњД


┬а┬а┬а ­ЪЊ▓ 0902660722
┬а┬а┬а ­ЪЊ▓ 0928460606 

­Ъћќ
­ЪњгрЅаTelegram рѕѕрѕЏрІўрІЮ Рцх№ИЈ рІГрїарЅђрѕЎ­Ъћй

@zemencallcenter 

@zemenexpressadmin

рѕѕрЅ░рїерѕЏрѕф рѕЏрЅЦрѕФрѕфрІФ рІерЅ┤рѕїрїЇрѕФрѕЮ рїѕрЇЃрЅйріЋРцх№ИЈ
https://telegram.me/zemenexpress

­ЪњЦ­ЪњЦ...................................­ЪњЦ­ЪњЦ",2025-06-05 09:00:21+00:00,3414,6881,ZemenExpress,Garlic press Chopper Kitchen ginger garlic press.Quick grinding.Saving you time. Manual extrusion and grinding. Stainless steel material.Food grade safety material.Durable and easy to clean. Curved plastic handle.Comfortable to use. рІІрїІрЇд 350 рЅЦрѕГ РЎд№ИЈрІЇрѕхріЋ рЇЇрѕг ріљрІЇ рІФрѕѕрІЇ ріарІхрѕФрѕ╗ РЎд№ИЈ#рѕўрїѕріЊріЏ_рѕўрѕ░рѕерЅх_рІ░рЇІрѕГ_рѕърѕЇ_рѕЂрѕѕрЅ░ріЏ_рЇјрЅЁ рЅбрѕ« рЅЂ. S05/S06 0902660722 0928460606 рЅаTelegram рѕѕрѕЏрІўрІЮ Рцх№ИЈ рІГрїарЅђрѕЎ рѕѕрЅ░рїерѕЏрѕф рѕЏрЅЦрѕФрѕфрІФ рІерЅ┤рѕїрїЇрѕФрѕЮ рїѕрЇЃрЅйріЋРцх№ИЈ ...................................
"РџА№ИЈportable foldable mosquito net for kids

­ЪЉїрЅарЅђрѕІрѕЅ рІГрІъ рѕѕрѕўріЋрЅђрѕ│рЅђрѕх ріарѕўрЅ║
­ЪЉїрѕЇрїєрЅйрІјріЋ ріерЅбріЋрЅб ріЦріЊ ріерЅ░рѕѕрІФрІЕ ріљрЇЇрѕ│рЅх рІерѕџрїарЅЦрЅЁ
­ЪЉїsize:-100cm*60cm

┬а┬а┬а 
┬а┬а┬а┬а┬а рІІрїІ:-1400рЅЦрѕГ­Ъњ▓


­ЪЈб ріарІхрѕФрѕ╗┬а ­ЪЉЅрЅЂ.1 рѕўрїѕріЊріЏ рѕхрѕф ріцрѕЮ рѕ▓рЅ▓ рѕърѕЇ┬а рѕЂрѕѕрЅ░ріЏ рЇјрЅЁ рЅбрѕ« рЅЂ. SL-05A(ріе рѕірЇЇрЅ▒ рЇірЅх рѕѕ рЇірЅх)

­ЪЊЇрЅЂ.2 ­ЪЉЅрѕѕрЅА┬а рѕўрІ│рѕЁріњрІЊрѕѕрѕЮ рЅцрЅ░/ріГрѕГрѕхрЅ▓рІФріЋ рЇірЅх рѕѕрЇірЅх┬а #рІЏрѕЮ_рѕърѕЇ 2ріЏ рЇјрЅЁ рЅбрѕ« рЅЂрїЦрѕГ.214


­ЪЉЇрѕѕрЅА┬арЅЁрѕГріЋрїФрЇЇ­ЪЊ▓0971611819



┬а┬а┬а┬а ­ЪњД­ЪњД­ЪњД­ЪњД


┬а┬а┬а ­ЪЊ▓ 0909522840
┬а┬а┬а ­ЪЊ▓ 0923350054

­Ъћќ
­Ъњг┬а рЅаTelegram рѕѕрѕЏрІўрІЮ Рцх№ИЈ рІГрїарЅђрѕЎ
@shager_onlinestore
┬а 
рѕѕрЅ░рїерѕЏрѕф рѕЏрЅЦрѕФрѕфрІФ рІерЅ┤рѕїрїЇрѕФрѕЮ рїѕрЇЃрЅйріЋРцх№ИЈ
https://t.me/Shageronlinestore",2025-06-16 14:02:38+00:00,3857,7359,Shageronlinestore,РџА№ИЈportable foldable mosquito net for kids рЅарЅђрѕІрѕЅ рІГрІъ рѕѕрѕўріЋрЅђрѕ│рЅђрѕх ріарѕўрЅ║ рѕЇрїєрЅйрІјріЋ ріерЅбріЋрЅб ріЦріЊ ріерЅ░рѕѕрІФрІЕ ріљрЇЇрѕ│рЅх рІерѕџрїарЅЦрЅЁ size:-100cm*60cm рІІрїІ:-1400рЅЦрѕГ ріарІхрѕФрѕ╗ рЅЂ.1 рѕўрїѕріЊріЏ рѕхрѕф ріцрѕЮ рѕ▓рЅ▓ рѕърѕЇ рѕЂрѕѕрЅ░ріЏ рЇјрЅЁ рЅбрѕ« рЅЂ. SL-05A(ріе рѕірЇЇрЅ▒ рЇірЅх рѕѕ рЇірЅх) рЅЂ.2 рѕѕрЅА рѕўрІ│рѕЁріњрІЊрѕѕрѕЮ рЅцрЅ░/ріГрѕГрѕхрЅ▓рІФріЋ рЇірЅх рѕѕрЇірЅх #рІЏрѕЮ_рѕърѕЇ 2ріЏ рЇјрЅЁ рЅбрѕ« рЅЂрїЦрѕГ.214 рѕѕрЅА рЅЁрѕГріЋрїФрЇЇ0971611819 0909522840 0923350054 рЅаTelegram рѕѕрѕЏрІўрІЮ Рцх№ИЈ рІГрїарЅђрѕЎ рѕѕрЅ░рїерѕЏрѕф рѕЏрЅЦрѕФрѕфрІФ рІерЅ┤рѕїрїЇрѕФрѕЮ рїѕрЇЃрЅйріЋРцх№ИЈ
"рѕѕрѕЏрІўрІЮ
@stay_positive_ever
рІФріЊрїЇрѕЕріЋрЇАрЇА
рѕЂрѕЅрѕЮ ріЦрЅЃрІјрЅ╗рЅйріЋ original ріЊрЅИрІЇ! рѕ▓рѕўрїБ ріФрѕЇрІѕрІ░рІ▒рЅх рІѕрІГрѕЮ original ріФрѕЇрѕєріљ рѕЃрѕІрЇіріљрЅ▒ріЋ ріЦріЋрІѕрѕхрІ│рѕѕріЋ!!",2024-05-29 07:40:12+00:00,11,53,ethiopia_online_market,рѕѕрѕЏрІўрІЮ рІФріЊрїЇрѕЕріЋрЇАрЇА рѕЂрѕЅрѕЮ ріЦрЅЃрІјрЅ╗рЅйріЋ original ріЊрЅИрІЇ! рѕ▓рѕўрїБ ріФрѕЇрІѕрІ░рІ▒рЅх рІѕрІГрѕЮ original ріФрѕЇрѕєріљ рѕЃрѕІрЇіріљрЅ▒ріЋ ріЦріЋрІѕрѕхрІ│рѕѕріЋ!!
"­ЪњЦ­ЪњЦ...................................­ЪњЦ­ЪњЦ

­ЪЊї Shock and Noise Cancelling Washing Machine Support

­ЪЉЇWasher and Dryer Pedestals,Anti Slip Anti Vibration Rubber Washing Machine Feet Pads
­ЪЉЇWashing Machine Stabilizer for Raise Height 
­ЪЉЇReduce Noise 4PCS

рІІрїІрЇд┬а ­Ъњ▓­ЪЈи┬а 500 рЅЦрѕГ

­ЪЊЇрІЇрѕхріЋ рЇЇрѕг ріљрІЇ рІФрѕѕріЋ­ЪћЦ­ЪћЦ­ЪћЦ

­ЪЈб ріарІхрѕФрѕ╗­ЪЉЅ

­ЪЊЇРЎд№ИЈ#рѕўрїѕріЊріЏ_рѕўрѕ░рѕерЅх_рІ░рЇІрѕГ_рѕърѕЇ_рѕЂрѕѕрЅ░ріЏ_рЇјрЅЁ рЅбрѕ« рЅЂ. S05/S06


┬а┬а┬а┬а ­ЪњД­ЪњД­ЪњД­ЪњД


┬а┬а┬а ­ЪЊ▓ 0902660722
┬а┬а┬а ­ЪЊ▓ 0928460606 

­Ъћќ
­ЪњгрЅаTelegram рѕѕрѕЏрІўрІЮ Рцх№ИЈ рІГрїарЅђрѕЎ­Ъћй

@zemencallcenter 

@zemenexpressadmin

рѕѕрЅ░рїерѕЏрѕф рѕЏрЅЦрѕФрѕфрІФ рІерЅ┤рѕїрїЇрѕФрѕЮ рїѕрЇЃрЅйріЋРцх№ИЈ
https://telegram.me/zemenexpress

­ЪњЦ­ЪњЦ...................................­ЪњЦ­ЪњЦ",2025-06-13 08:42:42+00:00,3232,6947,ZemenExpress,"................................... Shock and Noise Cancelling Washing Machine Support Washer and Dryer Pedestals,Anti Slip Anti Vibration Rubber Washing Machine Feet Pads Washing Machine Stabilizer for Raise Height Reduce Noise 4PCS рІІрїІрЇд 500 рЅЦрѕГ рІЇрѕхріЋ рЇЇрѕг ріљрІЇ рІФрѕѕріЋ ріарІхрѕФрѕ╗ РЎд№ИЈ#рѕўрїѕріЊріЏ_рѕўрѕ░рѕерЅх_рІ░рЇІрѕГ_рѕърѕЇ_рѕЂрѕѕрЅ░ріЏ_рЇјрЅЁ рЅбрѕ« рЅЂ. S05/S06 0902660722 0928460606 рЅаTelegram рѕѕрѕЏрІўрІЮ Рцх№ИЈ рІГрїарЅђрѕЎ рѕѕрЅ░рїерѕЏрѕф рѕЏрЅЦрѕФрѕфрІФ рІерЅ┤рѕїрїЇрѕФрѕЮ рїѕрЇЃрЅйріЋРцх№ИЈ ..................................."
"РЮЄ№ИЈ Electronic Kitchen Scale

­ЪЊБрІ▓рїѓрЅ│рѕЇ рѕџрІЏріЋ

РџА№ИЈрѕЮрїЇрЅдрЅйріЋ рѕЏрІўрїІрїђрЅх рѕхріЋрЇѕрѕЇрїЇ
рЅаріаріЋрІх рїірІю ріЦрѕхріе ріе 0.1рїЇрѕФрѕЮ ріЦрѕхріе 10ріфрѕј рІхрѕерѕх рѕўрѕўрІўріЋ рІерѕџрІФрѕхрЅйрѕЇ
Рюћ№ИЈрѕ▓рѕўрІЮріЉ рІерїЇрѕФрѕЎріЋрѕЮ рѕўрїаріЋ рІерѕџрІФрѕ│рІГ 
Рюћ№ИЈрѕѕрЇѕрѕГрѕЏрѕ▓ рѕўрІхрѕђріњрЅХрЅйріЋ рѕѕрѕўрЅђрѕўрѕЮ
рЅарїЇрѕФрѕЮ рѕўрѕўрІўріЋ рѕхрѕѕрѕЮріЋрЅйрѕЇ 
Рюћ№ИЈрѕѕрЅбрѕ« рѕѕріфрЅйріЋ рѕѕрібріЋрІ▒рѕхрЅхрѕф рѕѕрѕІрЅЦрѕФрЅХрѕф
Рюћ№ИЈрІерѕФрѕ▒ рЅБрЅхрѕф рІФрѕѕрІЅ 

РъА№ИЈ Equipped with a high precision strain gauge sensor system 
РъА№ИЈ LCD Display 
РъА№ИЈModel: SF-400
┬а┬а┬а┬а┬а┬а┬а┬а┬а┬а
┬а┬а┬а┬а┬а┬а ­Ъњх1100** рЅЦрѕГ**

**­ЪЊБ**** рѕѕрѕЏрІўрІЮ** = @Orderqnash

**рІЇрѕхріЋ рЇЇрѕг ріљрІЇ рІерЅђрѕерІЇ** РЮїРЮїРЮї

Telegram - t.me/qnashcom
­Ъћ╝ рїЦрѕФрЅх Рюћ№ИЈрІІрѕхрЅхріЊ ­ЪЏЇрЅЁріЊрѕй

­ЪЈг ріарІхрѕФрѕ╗ рЇд 
рЅЂрїЦрѕГ 1 :- **рѕўрїѕріЊріЏ рІўрЇЇрѕўрѕй рїЇрѕФріЋрІх рѕърѕЇ 3 рЅ░ріЏ рЇјрЅЁ рЅЂрїЦрѕГ 329** 

рЅЂрїЦрѕГ 2 :- **рїђрѕъ 1 ріерѕѕрѕІ рѕЁріЋрЇЃ рїЇрѕФрІЇріЋрІх рѕѕрІГ G07 
**
РЮїРЮї **рѕЏрѕ│рѕ░рЅЦрІФ**: рѕ▒рЅЃрЅйріЋ рѕ▓рѕўрїА рЅхріГріГрѕѕріЏ рІеріЏ рѕ▒рЅЁ рѕўрѕєріЉ рІФрѕерїІрїЇрїА┬а рІерѕФрѕ│рЅйріЋ рѕјрїј рѕўріќрѕЕріЋ ріЦріЊ 329 / G07 рѕўрѕєріЉ рІФрѕерїІрїЇрїА !

рѕхрѕЇріГ:
­ЪЊ▒0946966440
­ЪЊ▒0992606060
­ЪЊ▒0905464599",2025-05-09 07:54:43+00:00,11346,4669,qnashcom,РЮЄ№ИЈ Electronic Kitchen Scale рІ▓рїѓрЅ│рѕЇ рѕџрІЏріЋ РџА№ИЈрѕЮрїЇрЅдрЅйріЋ рѕЏрІўрїІрїђрЅх рѕхріЋрЇѕрѕЇрїЇ рЅаріаріЋрІх рїірІю ріЦрѕхріе ріе 0.1рїЇрѕФрѕЮ ріЦрѕхріе 10ріфрѕј рІхрѕерѕх рѕўрѕўрІўріЋ рІерѕџрІФрѕхрЅйрѕЇ Рюћ№ИЈрѕ▓рѕўрІЮріЉ рІерїЇрѕФрѕЎріЋрѕЮ рѕўрїаріЋ рІерѕџрІФрѕ│рІГ Рюћ№ИЈрѕѕрЇѕрѕГрѕЏрѕ▓ рѕўрІхрѕђріњрЅХрЅйріЋ рѕѕрѕўрЅђрѕўрѕЮ рЅарїЇрѕФрѕЮ рѕўрѕўрІўріЋ рѕхрѕѕрѕЮріЋрЅйрѕЇ Рюћ№ИЈрѕѕрЅбрѕ« рѕѕріфрЅйріЋ рѕѕрібріЋрІ▒рѕхрЅхрѕф рѕѕрѕІрЅЦрѕФрЅХрѕф Рюћ№ИЈрІерѕФрѕ▒ рЅБрЅхрѕф рІФрѕѕрІЅ РъА№ИЈ Equipped with a high precision strain gauge sensor system РъА№ИЈ LCD Display РъА№ИЈModel: SF-400 1100** рЅЦрѕГ** ****** рѕѕрѕЏрІўрІЮ** = **рІЇрѕхріЋ рЇЇрѕг ріљрІЇ рІерЅђрѕерІЇ** РЮїРЮїРЮї Telegram - t.me/qnashcom рїЦрѕФрЅх Рюћ№ИЈрІІрѕхрЅхріЊ рЅЁріЊрѕй ріарІхрѕФрѕ╗ рЇд рЅЂрїЦрѕГ 1 :- **рѕўрїѕріЊріЏ рІўрЇЇрѕўрѕй рїЇрѕФріЋрІх рѕърѕЇ 3 рЅ░ріЏ рЇјрЅЁ рЅЂрїЦрѕГ 329** рЅЂрїЦрѕГ 2 :- **рїђрѕъ 1 ріерѕѕрѕІ рѕЁріЋрЇЃ рїЇрѕФрІЇріЋрІх рѕѕрІГ G07 ** РЮїРЮї **рѕЏрѕ│рѕ░рЅЦрІФ**: рѕ▒рЅЃрЅйріЋ рѕ▓рѕўрїА рЅхріГріГрѕѕріЏ рІеріЏ рѕ▒рЅЁ рѕўрѕєріЉ рІФрѕерїІрїЇрїА рІерѕФрѕ│рЅйріЋ рѕјрїј рѕўріќрѕЕріЋ ріЦріЊ 329 / G07 рѕўрѕєріЉ рІФрѕерїІрїЇрїА ! рѕхрѕЇріГ: 0946966440 0992606060 0905464599
"рѕѕрѕЏрІўрІЮ
@stay_positive_ever
рІФріЊрїЇрѕЕріЋрЇАрЇА
рѕЂрѕЅрѕЮ ріЦрЅЃрІјрЅ╗рЅйріЋ original ріЊрЅИрІЇ! рѕ▓рѕўрїБ ріФрѕЇрІѕрІ░рІ▒рЅх рІѕрІГрѕЮ original ріФрѕЇрѕєріљ рѕЃрѕІрЇіріљрЅ▒ріЋ ріЦріЋрІѕрѕхрІ│рѕѕріЋ!!",2024-05-29 07:41:18+00:00,16,69,ethiopia_online_market,рѕѕрѕЏрІўрІЮ рІФріЊрїЇрѕЕріЋрЇАрЇА рѕЂрѕЅрѕЮ ріЦрЅЃрІјрЅ╗рЅйріЋ original ріЊрЅИрІЇ! рѕ▓рѕўрїБ ріФрѕЇрІѕрІ░рІ▒рЅх рІѕрІГрѕЮ original ріФрѕЇрѕєріљ рѕЃрѕІрЇіріљрЅ▒ріЋ ріЦріЋрІѕрѕхрІ│рѕѕріЋ!!
"­ЪњЦ­ЪњЦ...................................­ЪњЦ­ЪњЦ

­Ъј» **Three-layer Baby Milk Powder Container** 
┬а┬а┬а┬а┬а┬а ­Ъњ»__ High Quality __

­ЪЉЇ__ Three Layer No-Spill Baby Feeding Milk Powder Food Dispenser. A perfect storage for travel or home use.__

­ЪЉЇ__ріЦріЊрЅх рѕЇрїЄріЋ рІГрІЏ рІерЅ░рѕѕрІФрІе рЅдрЅ│ рѕхрЅхріЋрЅђрѕ│рЅђрѕх
рІерІ▒рЅёрЅх рІѕрЅ░рЅх рІерѕўрѕ│рѕ░рѕЅрЅхріЋ ріарѕхрЇѕрѕІрїі рІерѕЇрїєрЅй рѕЮрїЇрЅЦ рІГрІъ рѕѕрѕўріЋрЅђрѕ│рЅђрѕх рІерѕџрѕерІ│ 3 рЇЊрѕГрЅ▓рѕйріЋ рІФрѕѕрІЇ ріарѕфрЇЇ рі«ріЋрЅ┤ріљрѕГ__

┬арІІрїІрЇд┬а ­Ъњх­ЪЈи┬а 550рЅЦрѕГ

РЎд№ИЈрІЇрѕхріЋ рЇЇрѕг ріљрІЇ рІФрѕѕрІЇ ­ЪћЦ­ЪћЦ­ЪћЦ

­ЪЈб ріарІхрѕФрѕ╗­ЪЉЅ

­ЪЊЇРЎд№ИЈ#рѕўрїѕріЊріЏ_рѕўрѕ░рѕерЅх_рІ░рЇІрѕГ_рѕърѕЇ_рѕЂрѕѕрЅ░ріЏ_рЇјрЅЁ рЅбрѕ« рЅЂ. S05/S06


┬а┬а┬а┬а ­ЪњД­ЪњД­ЪњД­ЪњД


┬а┬а┬а ­ЪЊ▓ 0902660722
┬а┬а┬а ­ЪЊ▓ 0928460606 

­Ъћќ
­ЪњгрЅаTelegram рѕѕрѕЏрІўрІЮ Рцх№ИЈ рІГрїарЅђрѕЎ­Ъћй

@zemencallcenter 

@zemenexpressadmin

рѕѕрЅ░рїерѕЏрѕф рѕЏрЅЦрѕФрѕфрІФ рІерЅ┤рѕїрїЇрѕФрѕЮ рїѕрЇЃрЅйріЋРцх№ИЈ
https://telegram.me/zemenexpress

­ЪњЦ­ЪњЦ...................................­ЪњЦ­ЪњЦ",2025-06-12 04:52:52+00:00,3265,6933,ZemenExpress,................................... **Three-layer Baby Milk Powder Container** __ High Quality __ __ Three Layer No-Spill Baby Feeding Milk Powder Food Dispenser. A perfect storage for travel or home use.__ __ріЦріЊрЅх рѕЇрїЄріЋ рІГрІЏ рІерЅ░рѕѕрІФрІе рЅдрЅ│ рѕхрЅхріЋрЅђрѕ│рЅђрѕх рІерІ▒рЅёрЅх рІѕрЅ░рЅх рІерѕўрѕ│рѕ░рѕЅрЅхріЋ ріарѕхрЇѕрѕІрїі рІерѕЇрїєрЅй рѕЮрїЇрЅЦ рІГрІъ рѕѕрѕўріЋрЅђрѕ│рЅђрѕх рІерѕџрѕерІ│ 3 рЇЊрѕГрЅ▓рѕйріЋ рІФрѕѕрІЇ ріарѕфрЇЇ рі«ріЋрЅ┤ріљрѕГ__ рІІрїІрЇд 550рЅЦрѕГ РЎд№ИЈрІЇрѕхріЋ рЇЇрѕг ріљрІЇ рІФрѕѕрІЇ ріарІхрѕФрѕ╗ РЎд№ИЈ#рѕўрїѕріЊріЏ_рѕўрѕ░рѕерЅх_рІ░рЇІрѕГ_рѕърѕЇ_рѕЂрѕѕрЅ░ріЏ_рЇјрЅЁ рЅбрѕ« рЅЂ. S05/S06 0902660722 0928460606 рЅаTelegram рѕѕрѕЏрІўрІЮ Рцх№ИЈ рІГрїарЅђрѕЎ рѕѕрЅ░рїерѕЏрѕф рѕЏрЅЦрѕФрѕфрІФ рІерЅ┤рѕїрїЇрѕФрѕЮ рїѕрЇЃрЅйріЋРцх№ИЈ ...................................
"РюЁPURE LEATHER 
Made in Vietnam 
Master Quality Only in our Shop 
Price 4,200birr  ­ЪўЇ­ЪћЦ­ЪћЦ
Size#40,41,42,43
­Ъћ┤FREE DELIVERY(рІФрѕЅрЅарЅх рЅдрЅ│ рІФрѕѕрЅ░рїерѕЏрѕф ріГрЇЇрІФ ріЦріЊрІ░рѕГрѕ│рѕѕріЋ­ЪЈЇ)
­Ъћ┤рѕѕрѕ▒рЅЁріЊ рЅЦрІЏрЅх рЅ░рѕеріФрЅбрІјрЅй рЅБрѕхрЅ░рІФрІерЅх
­ЪЊХ0977808897
­Ъћ╗­Ъћ╗­Ъћ╗ @Naty_boy 
ріарІхрѕФрѕ╗рЅйріЋ- рЅёрѕФ рѕХрЇірІФ рѕърѕЇ рѕЂрѕѕрЅ░ріЏ рЇјрЅЁ рѕ▒.рЅЂ 216",2024-08-04 08:52:19+00:00,2484,12624,aradabrand2,"РюЁPURE LEATHER Made in Vietnam Master Quality Only in our Shop Price 4,200birr Size#40,41,42,43 FREE DELIVERY(рІФрѕЅрЅарЅх рЅдрЅ│ рІФрѕѕрЅ░рїерѕЏрѕф ріГрЇЇрІФ ріЦріЊрІ░рѕГрѕ│рѕѕріЋ) рѕѕрѕ▒рЅЁріЊ рЅЦрІЏрЅх рЅ░рѕеріФрЅбрІјрЅй рЅБрѕхрЅ░рІФрІерЅх 0977808897 ріарІхрѕФрѕ╗рЅйріЋ- рЅёрѕФ рѕХрЇірІФ рѕърѕЇ рѕЂрѕѕрЅ░ріЏ рЇјрЅЁ рѕ▒.рЅЂ 216"
"­ЪњЦSAACHI**┬« CERAMIC PIZZA PAN**

РџА№ИЈрѕѕрЅцрЅхріЊ рѕѕрѕгрѕхрЅХрѕФріЋрЅх ріарїѕрѕЇрїЇрѕјрЅх рІерѕџрІЇрѕЇ 

РџА№ИЈрѕѕріарїарЅЃрЅђрѕЮ рѕєріљ рѕѕріарІФрІФрІЮ рЅђрѕІрѕЇріЊ рѕЮрЅ╣ рІерѕєріљ 

РџА№ИЈріЦріЋрІ▓рѕЂрѕЮ:- рѕѕрЇњрІЏ рЇБ рѕѕрЅАріЊ рѕўрЅЂрІФріљрЅх рЇБ рѕѕріаріЋрЅБрѕ╗ рЇБ рѕѕрїерїерЅЦрѕ│ рЇБ рѕѕрЇѕрїбрѕФ рЇБ рѕѕрІ│рЅд рЇБ рѕѕрїЦрЅЦрѕхріЊ рѕѕрЅ░рѕѕрІФрІЕ ріарїѕрѕЇрїЇрѕјрЅХрЅй рІерѕџрѕєріЋ


РџА№ИЈріе normal pizza pan рЅарїЦрѕФрЅх рІерЅ░рѕ╗рѕѕ

РџА№ИЈріаріљрѕхрЅ░ріЏ рІеріцрѕїріГрЅхрѕфріГ рЇЇрїєрЅ│ рІерѕџрїарЅђрѕЮ┬а 

┬а┬а┬а┬а┬а
┬а┬а┬а┬а┬а рІІрїІрЇд6000рЅЦрѕГРюЁ

Рюќ№ИЈрІЇрѕхріЋ рЇЇрѕг ріљрІЇ рІФрѕѕрІЇ

­ЪЈб ріарІхрѕФрѕ╗┬а рЅЂ.1­ЪЉЅ рѕўрїѕріЊріЏ рѕхрѕф ріцрѕЮ рѕ▓рЅ▓ рѕърѕЇ┬а рѕЂрѕѕрЅ░ріЏ рЇјрЅЁ рЅбрѕ« рЅЂ. SL-05A(ріе рѕірЇЇрЅ▒ рЇірЅх рѕѕ рЇірЅх)

­ЪЊЇрЅЂ.2 ­ЪЉЅрѕѕрЅА┬а рѕўрІ│рѕЁріњрІЊрѕѕрѕЮ рЅцрЅ░/ріГрѕГрѕхрЅ▓рІФріЋ рЇірЅх рѕѕрЇірЅх┬а #рІЏрѕЮ_рѕърѕЇ 2ріЏ рЇјрЅЁ рЅбрѕ« рЅЂрїЦрѕГ.214


­ЪЉЇрѕѕрЅА┬арЅЁрѕГріЋрїФрЇЇ­ЪЊ▓0973611819



┬а┬а┬а ­ЪЊ▓ 0909522840
┬а┬а┬а ­ЪЊ▓ 0923350054

­Ъћќ
­Ъњг┬а рЅаTelegram рѕѕрѕЏрІўрІЮ Рцх№ИЈ рІГрїарЅђрѕЎ
@shager_onlinestore
┬а 
рѕѕрЅ░рїерѕЏрѕф рѕЏрЅЦрѕФрѕфрІФ рІерЅ┤рѕїрїЇрѕФрѕЮ рїѕрЇЃрЅйріЋРцх№ИЈ
https://t.me/Shageronlinestore",2025-06-11 13:49:38+00:00,5133,7315,Shageronlinestore,SAACHI**┬« CERAMIC PIZZA PAN** РџА№ИЈрѕѕрЅцрЅхріЊ рѕѕрѕгрѕхрЅХрѕФріЋрЅх ріарїѕрѕЇрїЇрѕјрЅх рІерѕџрІЇрѕЇ РџА№ИЈрѕѕріарїарЅЃрЅђрѕЮ рѕєріљ рѕѕріарІФрІФрІЮ рЅђрѕІрѕЇріЊ рѕЮрЅ╣ рІерѕєріљ РџА№ИЈріЦріЋрІ▓рѕЂрѕЮ:- рѕѕрЇњрІЏ рЇБ рѕѕрЅАріЊ рѕўрЅЂрІФріљрЅх рЇБ рѕѕріаріЋрЅБрѕ╗ рЇБ рѕѕрїерїерЅЦрѕ│ рЇБ рѕѕрЇѕрїбрѕФ рЇБ рѕѕрІ│рЅд рЇБ рѕѕрїЦрЅЦрѕхріЊ рѕѕрЅ░рѕѕрІФрІЕ ріарїѕрѕЇрїЇрѕјрЅХрЅй рІерѕџрѕєріЋ РџА№ИЈріе normal pizza pan рЅарїЦрѕФрЅх рІерЅ░рѕ╗рѕѕ РџА№ИЈріаріљрѕхрЅ░ріЏ рІеріцрѕїріГрЅхрѕфріГ рЇЇрїєрЅ│ рІерѕџрїарЅђрѕЮ рІІрїІрЇд6000рЅЦрѕГРюЁ Рюќ№ИЈрІЇрѕхріЋ рЇЇрѕг ріљрІЇ рІФрѕѕрІЇ ріарІхрѕФрѕ╗ рЅЂ.1 рѕўрїѕріЊріЏ рѕхрѕф ріцрѕЮ рѕ▓рЅ▓ рѕърѕЇ рѕЂрѕѕрЅ░ріЏ рЇјрЅЁ рЅбрѕ« рЅЂ. SL-05A(ріе рѕірЇЇрЅ▒ рЇірЅх рѕѕ рЇірЅх) рЅЂ.2 рѕѕрЅА рѕўрІ│рѕЁріњрІЊрѕѕрѕЮ рЅцрЅ░/ріГрѕГрѕхрЅ▓рІФріЋ рЇірЅх рѕѕрЇірЅх #рІЏрѕЮ_рѕърѕЇ 2ріЏ рЇјрЅЁ рЅбрѕ« рЅЂрїЦрѕГ.214 рѕѕрЅА рЅЁрѕГріЋрїФрЇЇ0973611819 0909522840 0923350054 рЅаTelegram рѕѕрѕЏрІўрІЮ Рцх№ИЈ рІГрїарЅђрѕЎ рѕѕрЅ░рїерѕЏрѕф рѕЏрЅЦрѕФрѕфрІФ рІерЅ┤рѕїрїЇрѕФрѕЮ рїѕрЇЃрЅйріЋРцх№ИЈ
"­ЪЊБ IMPULSE SEALER

Рюћ№ИЈ рІерѕІрѕхрЅ▓ріГ рѕЏрѕИрїірІФ
Рюћ№ИЈ рЅаріцрѕїріГрЅхрѕфріГ рІерѕџрѕ░рѕФ
Рюћ№ИЈрѕѕрЅБрѕЇрЅхріЊ┬а 
Рюћ№ИЈрѕЮрїЇрЅЦ ріарѕйрїј рѕѕрѕЏрѕхрЅђрѕўрїЦ

**РъА№ИЈ**** 20cm рѕхрЇІрЅх┬а ****­Ъњх****2350
****РъА№ИЈ**** 30cm рѕхрЇІрЅх┬а ****­Ъњх****2800
****РъА№ИЈ**** 40cm рѕхрЇІрЅх┬а ****­Ъњх****3400**

­ЪЊБ **рѕѕрѕЏрІўрІЮ = **@Orderqnash

рІЇрѕхріЋ рЇЇрѕг ріљрІЇ рІерЅђрѕерІЇ РЮїРЮї
< Limited Stock ­ЪЊї

Telegram - t.me/qnashcom
Telegram - t.me/qnashcom
­Ъћ╝рїЦрѕФрЅх Рюћ№ИЈ рІІрѕхрЅхріЊ ­ЪЏЇрЅЁріЊрѕй

­ЪЈг ріарІхрѕФрѕ╗ рЇд 
­ЪЌ║рЅЂрїЦрѕГ 1 :- **рѕўрїѕріЊріЏ рІўрЇЇрѕўрѕй рїЇрѕФріЋрІх рѕърѕЇ 3 рЅ░ріЏ рЇјрЅЁ рЅЂрїЦрѕГ 329 **

­ЪЌ║рЅЂрїЦрѕГ 2 :- **рїђрѕъ 1 ріерѕѕрѕІ рѕЁріЋрЇЃ рїЇрѕФрІЇріЋрІх рѕѕрІГ G07** 

РЮїРЮї **рѕЏрѕ│рѕ░рЅЦрІФ**: рѕ▒рЅЃрЅйріЋ рѕ▓рѕўрїА рЅхріГріГрѕѕріЏ рІеріЏ рѕ▒рЅЁ рѕўрѕєріЉ рІФрѕерїІрїЇрїА┬а рІерѕФрѕ│рЅйріЋ рѕјрїј рѕўріќрѕЕріЋ ріЦріЊ 329 / G07 рѕўрѕєріЉ рІФрѕерїІрїЇрїА !

рѕхрѕЇріГ:
­ЪЊ▒0946966440**
­ЪЊ▒**0992606060**
­ЪЊ▒**0905464599",2025-05-16 04:18:15+00:00,10254,4682,qnashcom,IMPULSE SEALER Рюћ№ИЈ рІерѕІрѕхрЅ▓ріГ рѕЏрѕИрїірІФ Рюћ№ИЈ рЅаріцрѕїріГрЅхрѕфріГ рІерѕџрѕ░рѕФ Рюћ№ИЈрѕѕрЅБрѕЇрЅхріЊ Рюћ№ИЈрѕЮрїЇрЅЦ ріарѕйрїј рѕѕрѕЏрѕхрЅђрѕўрїЦ **РъА№ИЈ**** 20cm рѕхрЇІрЅх ********2350 ****РъА№ИЈ**** 30cm рѕхрЇІрЅх ********2800 ****РъА№ИЈ**** 40cm рѕхрЇІрЅх ********3400** **рѕѕрѕЏрІўрІЮ = ** рІЇрѕхріЋ рЇЇрѕг ріљрІЇ рІерЅђрѕерІЇ РЮїРЮї < Limited Stock Telegram - t.me/qnashcom Telegram - t.me/qnashcom рїЦрѕФрЅх Рюћ№ИЈ рІІрѕхрЅхріЊ рЅЁріЊрѕй ріарІхрѕФрѕ╗ рЇд рЅЂрїЦрѕГ 1 :- **рѕўрїѕріЊріЏ рІўрЇЇрѕўрѕй рїЇрѕФріЋрІх рѕърѕЇ 3 рЅ░ріЏ рЇјрЅЁ рЅЂрїЦрѕГ 329 ** рЅЂрїЦрѕГ 2 :- **рїђрѕъ 1 ріерѕѕрѕІ рѕЁріЋрЇЃ рїЇрѕФрІЇріЋрІх рѕѕрІГ G07** РЮїРЮї **рѕЏрѕ│рѕ░рЅЦрІФ**: рѕ▒рЅЃрЅйріЋ рѕ▓рѕўрїА рЅхріГріГрѕѕріЏ рІеріЏ рѕ▒рЅЁ рѕўрѕєріЉ рІФрѕерїІрїЇрїА рІерѕФрѕ│рЅйріЋ рѕјрїј рѕўріќрѕЕріЋ ріЦріЊ 329 / G07 рѕўрѕєріЉ рІФрѕерїІрїЇрїА ! рѕхрѕЇріГ: 0946966440** **0992606060** **0905464599
"­ЪњЦInfantino Cuddle Up Ergonomic Baby Carrier

­ЪЉЅCarries children from 12-40lbs (5.4 - 18.1 kgs)
­ЪЉЅComfortable, ergonomic seat for baby
­ЪЉЅ2 ways to carry: Front and Backpack
­ЪЉЅRemovable canopy hood with adorable teddy bear styling
­ЪЉЅMachine washable


┬а┬а┬а рІІрїІ­ЪњхрЇд┬а ­Ъњ░3,200 рЅЦрѕГ

­ЪЈб ріарІхрѕФрѕ╗ рЅЂ.1 ­ЪЉЅ рѕўрїѕріЊріЏ рЅ│рѕю рїІрѕх рѕЁріЋрЇЃ рїјріЋ рѕхрѕф ріцрѕЮ рѕ▓рЅ▓ рѕърѕЇ┬а рѕЂрѕѕрЅ░ріЏ рЇјрЅЁ рЅбрѕ« рЅЂ. SL-05A(ріе рѕірЇЇрЅ▒ рЇірЅх рѕѕ рЇірЅх)

­ЪЊЇрЅЂ.2 ­ЪЉЅрѕѕрЅА┬а рѕўрІ│рѕЁріњрІЊрѕѕрѕЮ рЅцрЅ░/ріГрѕГрѕхрЅ▓рІФріЋ рЇірЅх рѕѕрЇірЅх┬а #рІЏрѕЮ_рѕърѕЇ 2ріЏ рЇјрЅЁ рЅбрѕ« рЅЂрїЦрѕГ.214


┬а┬а┬а ­ЪЊ▓ 0909522840
┬а┬а┬а ­ЪЊ▓ 0923350054

­ЪЉЇрѕѕрЅА┬арЅЁрѕГріЋрїФрЇЇ­ЪЊ▓0973611819

­Ъћќ
­Ъњг┬а рЅаTelegram рѕѕрѕЏрІўрІЮ Рцх№ИЈ рІГрїарЅђрѕЎ
@shager_onlinestore
┬а 
рѕѕрЅ░рїерѕЏрѕф рѕЏрЅЦрѕФрѕфрІФ рІерЅ┤рѕїрїЇрѕФрѕЮ рїѕрЇЃрЅйріЋРцх№ИЈ
https://t.me/Shageronlinestore",2025-06-13 11:27:57+00:00,4896,7332,Shageronlinestore,"Infantino Cuddle Up Ergonomic Baby Carrier Carries children from 12-40lbs (5.4 - 18.1 kgs) Comfortable, ergonomic seat for baby 2 ways to carry: Front and Backpack Removable canopy hood with adorable teddy bear styling Machine washable рІІрїІрЇд 3,200 рЅЦрѕГ ріарІхрѕФрѕ╗ рЅЂ.1 рѕўрїѕріЊріЏ рЅ│рѕю рїІрѕх рѕЁріЋрЇЃ рїјріЋ рѕхрѕф ріцрѕЮ рѕ▓рЅ▓ рѕърѕЇ рѕЂрѕѕрЅ░ріЏ рЇјрЅЁ рЅбрѕ« рЅЂ. SL-05A(ріе рѕірЇЇрЅ▒ рЇірЅх рѕѕ рЇірЅх) рЅЂ.2 рѕѕрЅА рѕўрІ│рѕЁріњрІЊрѕѕрѕЮ рЅцрЅ░/ріГрѕГрѕхрЅ▓рІФріЋ рЇірЅх рѕѕрЇірЅх #рІЏрѕЮ_рѕърѕЇ 2ріЏ рЇјрЅЁ рЅбрѕ« рЅЂрїЦрѕГ.214 0909522840 0923350054 рѕѕрЅА рЅЁрѕГріЋрїФрЇЇ0973611819 рЅаTelegram рѕѕрѕЏрІўрІЮ Рцх№ИЈ рІГрїарЅђрѕЎ рѕѕрЅ░рїерѕЏрѕф рѕЏрЅЦрѕФрѕфрІФ рІерЅ┤рѕїрїЇрѕФрѕЮ рїѕрЇЃрЅйріЋРцх№ИЈ"
"­ЪЊї **Self Adhesive Waterproof Sticker**
┬а┬а┬а┬а┬а┬а┬а┬а 
**РўЏFurniture & Wall Sticker**
__РюЊрІЇрѕђ рІерѕЏрІФрѕхрїѕрЅБ
РюЊрѕѕріфрЅйріЋ ріФрЅбріћрЅхріЊ рїЇрѕГрїЇрІ│
РюЊрѕѕрЅБріъ рЅцрЅх рїЇрІхрїЇрІ│
РюЊрѕѕрѕўрІ░рѕГрІ░рѕфрІФрЇБ рѕѕрїарѕерЅгрІЏрЇБ рЅЂрѕЮрѕ│рїЦріЋріЊ рѕѕрЅ░рѕѕрІФрІЕ рѕЏрѕхрІІрЅбрІФ рЅђрІ│рѕџ рЅ░рѕўрѕФрїГ__

**РўЏFurniture & Wall Sticker**
__РюЊPerfect for creating new looks
РюЊEasy to install
РюЊMulti-Function__
**РюЊ**#Color**: **#Black** & **#White** **
**РўЏ**#Size**: 60CM x 5M**


­ЪЉЅ__The Self Adhesive Waterproof Sticker can be used in a variety of settings, including walls, cabinets and drawers, counter tops, bookshelves, closet shelving, shelves, windows, and pantry areas.__

┬арІІрїІ­ЪњхрЇд┬а**1000 рЅЦрѕГ**

­ЪЊБ **рѕѕрѕЏрІўрІЮ = **@Orderqnash

рІЇрѕхріЋ рЇЇрѕг ріљрІЇ рІерЅђрѕерІЇ РЮїРЮї

Telegram - t.me/qnashcom
РџА№ИЈрїЦрѕФрЅх ­Ъћ╝ рІІрѕхрЅхріЊ ­ЪЏЇ рЅЁріЊрѕй

­ЪЈг ріарІхрѕФрѕ╗ рЇд 
­ЪЌ║рЅЂрїЦрѕГ 1 :- **рѕўрїѕріЊріЏ рІўрЇЇрѕўрѕй рїЇрѕФріЋрІх рѕърѕЇ 3 рЅ░ріЏ рЇјрЅЁ рЅЂрїЦрѕГ 329 **

­ЪЌ║рЅЂрїЦрѕГ 2 :- **рїђрѕъ 1 ріерѕѕрѕІ рѕЁріЋрЇЃ рїЇрѕФрІЇріЋрІх рѕѕрІГ G07 **

РЮїРЮї **рѕЏрѕ│рѕ░рЅЦрІФ**: рѕ▒рЅЃрЅйріЋ рѕ▓рѕўрїА рЅхріГріГрѕѕріЏ рІеріЏ рѕ▒рЅЁ рѕўрѕєріЉ рІФрѕерїІрїЇрїА┬а рІерѕФрѕ│рЅйріЋ рѕјрїј рѕўріќрѕЕріЋ ріЦріЊ 329 / G07 рѕўрѕєріЉ рІФрѕерїІрїЇрїА !

рѕхрѕЇріГ:
­ЪЊ▒ 0946966440
­ЪЊ▒ 0992606060
­ЪЊ▒ 0905464599",2025-05-21 17:20:30+00:00,8604,4693,qnashcom,"**Self Adhesive Waterproof Sticker** **РўЏFurniture & Wall Sticker** __РюЊрІЇрѕђ рІерѕЏрІФрѕхрїѕрЅБ РюЊрѕѕріфрЅйріЋ ріФрЅбріћрЅхріЊ рїЇрѕГрїЇрІ│ РюЊрѕѕрЅБріъ рЅцрЅх рїЇрІхрїЇрІ│ РюЊрѕѕрѕўрІ░рѕГрІ░рѕфрІФрЇБ рѕѕрїарѕерЅгрІЏрЇБ рЅЂрѕЮрѕ│рїЦріЋріЊ рѕѕрЅ░рѕѕрІФрІЕ рѕЏрѕхрІІрЅбрІФ рЅђрІ│рѕџ рЅ░рѕўрѕФрїГ__ **РўЏFurniture & Wall Sticker** __РюЊPerfect for creating new looks РюЊEasy to install РюЊMulti-Function__ **РюЊ**#Color**: **#Black** & **#White** ** **РўЏ**#Size**: 60CM x 5M** __The Self Adhesive Waterproof Sticker can be used in a variety of settings, including walls, cabinets and drawers, counter tops, bookshelves, closet shelving, shelves, windows, and pantry areas.__ рІІрїІрЇд **1000 рЅЦрѕГ** **рѕѕрѕЏрІўрІЮ = ** рІЇрѕхріЋ рЇЇрѕг ріљрІЇ рІерЅђрѕерІЇ РЮїРЮї Telegram - t.me/qnashcom РџА№ИЈрїЦрѕФрЅх рІІрѕхрЅхріЊ рЅЁріЊрѕй ріарІхрѕФрѕ╗ рЇд рЅЂрїЦрѕГ 1 :- **рѕўрїѕріЊріЏ рІўрЇЇрѕўрѕй рїЇрѕФріЋрІх рѕърѕЇ 3 рЅ░ріЏ рЇјрЅЁ рЅЂрїЦрѕГ 329 ** рЅЂрїЦрѕГ 2 :- **рїђрѕъ 1 ріерѕѕрѕІ рѕЁріЋрЇЃ рїЇрѕФрІЇріЋрІх рѕѕрІГ G07 ** РЮїРЮї **рѕЏрѕ│рѕ░рЅЦрІФ**: рѕ▒рЅЃрЅйріЋ рѕ▓рѕўрїА рЅхріГріГрѕѕріЏ рІеріЏ рѕ▒рЅЁ рѕўрѕєріЉ рІФрѕерїІрїЇрїА рІерѕФрѕ│рЅйріЋ рѕјрїј рѕўріќрѕЕріЋ ріЦріЊ 329 / G07 рѕўрѕєріЉ рІФрѕерїІрїЇрїА ! рѕхрѕЇріГ: 0946966440 0992606060 0905464599"
"рѕѕрѕЏрІўрІЮ
@stay_positive_ever
рІФріЊрїЇрѕЕріЋрЇАрЇА
рѕЂрѕЅрѕЮ ріЦрЅЃрІјрЅ╗рЅйріЋ original ріЊрЅИрІЇ! рѕ▓рѕўрїБ ріФрѕЇрІѕрІ░рІ▒рЅх рІѕрІГрѕЮ original ріФрѕЇрѕєріљ рѕЃрѕІрЇіріљрЅ▒ріЋ ріЦріЋрІѕрѕхрІ│рѕѕріЋ!!",2024-05-29 07:42:27+00:00,19,80,ethiopia_online_market,рѕѕрѕЏрІўрІЮ рІФріЊрїЇрѕЕріЋрЇАрЇА рѕЂрѕЅрѕЮ ріЦрЅЃрІјрЅ╗рЅйріЋ original ріЊрЅИрІЇ! рѕ▓рѕўрїБ ріФрѕЇрІѕрІ░рІ▒рЅх рІѕрІГрѕЮ original ріФрѕЇрѕєріљ рѕЃрѕІрЇіріљрЅ▒ріЋ ріЦріЋрІѕрѕхрІ│рѕѕріЋ!!
"­ЪњЦ­ЪњЦ...................................­ЪњЦ­ЪњЦ

­ЪЊїWaterproof┬а Baby Urine Mat Cover

Рюћ№ИЈрІЇрѕЃ рІерѕЏрІФрѕхрїѕрЅБ ріЦріЋрІ░рїѕріЊ рѕірЅ│рїарЅЦ рІерѕџрЅйрѕЇ рІерѕЋрЇЃріЋ рІерѕйріЋрЅх рѕЮріЋрїБрЇЇрЇб
Рюћ№ИЈ рЅарЅ░рїерѕЏрѕфрѕЮ рІ│рІГрЇљрѕГ рѕѕрѕўрЅђрІерѕГ рІерѕџрІФрїѕрѕѕрїЇрѕЇ

Рюћ№ИЈReusable 
Рюћ№ИЈWashable

Рџа№ИЈSize: 1m├Ќ80cm

рІІрїІрЇд┬а­Ъњх­ЪЈи 650рЅЦрѕГРюЁ

РЎд№ИЈрІЇрѕхріЋ рЇЇрѕг ріљрІЇ рІФрѕѕрІЇ ­ЪћЦ­ЪћЦ­ЪћЦ

­ЪЈб ріарІхрѕФрѕ╗­ЪЉЅ

­ЪЊЇРЎд№ИЈ#рѕўрїѕріЊріЏ_рѕўрѕ░рѕерЅх_рІ░рЇІрѕГ_рѕърѕЇ_рѕЂрѕѕрЅ░ріЏ_рЇјрЅЁ рЅбрѕ« рЅЂ. S05/S06


┬а┬а┬а┬а ­ЪњД­ЪњД­ЪњД­ЪњД


┬а┬а┬а ­ЪЊ▓ 0902660722
┬а┬а┬а ­ЪЊ▓ 0928460606 

­Ъћќ
­ЪњгрЅаTelegram рѕѕрѕЏрІўрІЮ Рцх№ИЈ рІГрїарЅђрѕЎ­Ъћй

@zemencallcenter 

@zemenexpressadmin

рѕѕрЅ░рїерѕЏрѕф рѕЏрЅЦрѕФрѕфрІФ рІерЅ┤рѕїрїЇрѕФрѕЮ рїѕрЇЃрЅйріЋРцх№ИЈ
https://telegram.me/zemenexpress

­ЪњЦ­ЪњЦ...................................­ЪњЦ­ЪњЦ",2025-06-09 12:49:32+00:00,4296,6912,ZemenExpress,................................... Waterproof Baby Urine Mat Cover Рюћ№ИЈрІЇрѕЃ рІерѕЏрІФрѕхрїѕрЅБ ріЦріЋрІ░рїѕріЊ рѕірЅ│рїарЅЦ рІерѕџрЅйрѕЇ рІерѕЋрЇЃріЋ рІерѕйріЋрЅх рѕЮріЋрїБрЇЇрЇб Рюћ№ИЈ рЅарЅ░рїерѕЏрѕфрѕЮ рІ│рІГрЇљрѕГ рѕѕрѕўрЅђрІерѕГ рІерѕџрІФрїѕрѕѕрїЇрѕЇ Рюћ№ИЈReusable Рюћ№ИЈWashable Рџа№ИЈSize: 1m├Ќ80cm рІІрїІрЇд 650рЅЦрѕГРюЁ РЎд№ИЈрІЇрѕхріЋ рЇЇрѕг ріљрІЇ рІФрѕѕрІЇ ріарІхрѕФрѕ╗ РЎд№ИЈ#рѕўрїѕріЊріЏ_рѕўрѕ░рѕерЅх_рІ░рЇІрѕГ_рѕърѕЇ_рѕЂрѕѕрЅ░ріЏ_рЇјрЅЁ рЅбрѕ« рЅЂ. S05/S06 0902660722 0928460606 рЅаTelegram рѕѕрѕЏрІўрІЮ Рцх№ИЈ рІГрїарЅђрѕЎ рѕѕрЅ░рїерѕЏрѕф рѕЏрЅЦрѕФрѕфрІФ рІерЅ┤рѕїрїЇрѕФрѕЮ рїѕрЇЃрЅйріЋРцх№ИЈ ...................................
"­ЪњЦ­ЪњЦ...................................­ЪњЦ­ЪњЦ

­ЪЊїSmart Usb Ultrasonic Car And Home┬а Air Humidifier With Colorful Led Light

┬а┬а┬а┬а┬а┬а┬а┬а┬а┬а┬а┬а┬а ­Ъњ»Original
┬а┬а┬а┬а┬а┬а┬а┬а┬а┬а┬а┬а┬а ­Ъњ»High-quality 

рЅаріцрѕїріГрЅхрѕфріГ рІерѕџрѕ░рѕФ 
­ЪЉЇрѕѕрЅцрЅхріЊ рѕѕрѕўріфріЊ рѕўрѕЇріФрѕЮ рѕўрІЊрІЏріЋ рІерѕџрѕ░рїЦ

­ЪЉЇElevate the comfort level within your living premises with this fantastic Green Lion Air Mist Humidifier.

рІІрїІрЇд┬а ­Ъњ▓­ЪЈи┬а 1100 рЅЦрѕГ

­ЪЊЇрІЇрѕхріЋ рЇЇрѕг ріљрІЇ рІФрѕѕріЋ­ЪћЦ­ЪћЦ­ЪћЦ

­ЪЈб ріарІхрѕФрѕ╗­ЪЉЅ

­ЪЊЇРЎд№ИЈ#рѕўрїѕріЊріЏ_рѕўрѕ░рѕерЅх_рІ░рЇІрѕГ_рѕърѕЇ_рѕЂрѕѕрЅ░ріЏ_рЇјрЅЁ рЅбрѕ« рЅЂ. S05/S06


┬а┬а┬а┬а ­ЪњД­ЪњД­ЪњД­ЪњД


┬а┬а┬а ­ЪЊ▓ 0902660722
┬а┬а┬а ­ЪЊ▓ 0928460606 

­Ъћќ
­ЪњгрЅаTelegram рѕѕрѕЏрІўрІЮ Рцх№ИЈ рІГрїарЅђрѕЎ­Ъћй

@zemencallcenter 

@zemenexpressadmin

рѕѕрЅ░рїерѕЏрѕф рѕЏрЅЦрѕФрѕфрІФ рІерЅ┤рѕїрїЇрѕФрѕЮ рїѕрЇЃрЅйріЋРцх№ИЈ
https://telegram.me/zemenexpress

­ЪњЦ­ЪњЦ...................................­ЪњЦ­ЪњЦ",2025-06-16 05:11:26+00:00,2339,6972,ZemenExpress,................................... Smart Usb Ultrasonic Car And Home Air Humidifier With Colorful Led Light Original High-quality рЅаріцрѕїріГрЅхрѕфріГ рІерѕџрѕ░рѕФ рѕѕрЅцрЅхріЊ рѕѕрѕўріфріЊ рѕўрѕЇріФрѕЮ рѕўрІЊрІЏріЋ рІерѕџрѕ░рїЦ Elevate the comfort level within your living premises with this fantastic Green Lion Air Mist Humidifier. рІІрїІрЇд 1100 рЅЦрѕГ рІЇрѕхріЋ рЇЇрѕг ріљрІЇ рІФрѕѕріЋ ріарІхрѕФрѕ╗ РЎд№ИЈ#рѕўрїѕріЊріЏ_рѕўрѕ░рѕерЅх_рІ░рЇІрѕГ_рѕърѕЇ_рѕЂрѕѕрЅ░ріЏ_рЇјрЅЁ рЅбрѕ« рЅЂ. S05/S06 0902660722 0928460606 рЅаTelegram рѕѕрѕЏрІўрІЮ Рцх№ИЈ рІГрїарЅђрѕЎ рѕѕрЅ░рїерѕЏрѕф рѕЏрЅЦрѕФрѕфрІФ рІерЅ┤рѕїрїЇрѕФрѕЮ рїѕрЇЃрЅйріЋРцх№ИЈ ...................................
"РюЁHigh Standard Clothing 
Made in Turkey 
Master Quality Only in our Shop 
Price 2,500birr┬а ­ЪўЇ­ЪћЦ­ЪћЦ
Size#30,31,32,33,34,
­Ъћ┤FREE DELIVERY(рІФрѕЅрЅарЅх рЅдрЅ│ рІФрѕѕрЅ░рїерѕЏрѕф ріГрЇЇрІФ ріЦріЊрІ░рѕГрѕ│рѕѕріЋ­ЪЈЇ)
­Ъћ┤рѕѕрѕ▒рЅЁріЊ рЅЦрІЏрЅх рЅ░рѕеріФрЅбрІјрЅй рЅБрѕхрЅ░рІФрІерЅх
­ЪЊХ0977808897
­Ъћ╗­Ъћ╗­Ъћ╗ @Naty_boy 
ріарІхрѕФрѕ╗рЅйріЋ- рЅёрѕФ рѕХрЇірІФ рѕърѕЇ рѕЂрѕѕрЅ░ріЏ рЇјрЅЁ рѕ▒.рЅЂ 216",2024-07-09 09:26:06+00:00,2345,12592,aradabrand2,"РюЁHigh Standard Clothing Made in Turkey Master Quality Only in our Shop Price 2,500birr Size#30,31,32,33,34, FREE DELIVERY(рІФрѕЅрЅарЅх рЅдрЅ│ рІФрѕѕрЅ░рїерѕЏрѕф ріГрЇЇрІФ ріЦріЊрІ░рѕГрѕ│рѕѕріЋ) рѕѕрѕ▒рЅЁріЊ рЅЦрІЏрЅх рЅ░рѕеріФрЅбрІјрЅй рЅБрѕхрЅ░рІФрІерЅх 0977808897 ріарІхрѕФрѕ╗рЅйріЋ- рЅёрѕФ рѕХрЇірІФ рѕърѕЇ рѕЂрѕѕрЅ░ріЏ рЇјрЅЁ рѕ▒.рЅЂ 216"
"­ЪњЦ­ЪњЦ...................................­ЪњЦ­ЪњЦ

­ЪЊї Baby knee socks

­ЪЉЇрѕЇрїЁрІј рѕўрІ│рѕЁ рЅарѕџрїђрѕЮрѕЕрЅарЅх рїірІю рЅ░рѕўрѕФрїГ

рІІрїІрЇд┬а ­Ъњ▓­ЪЈи┬а 250 рЅЦрѕГ

­ЪЊЇрІЇрѕхріЋ рЇЇрѕг ріљрІЇ рІФрѕѕріЋ­ЪћЦ­ЪћЦ­ЪћЦ

­ЪЈб ріарІхрѕФрѕ╗­ЪЉЅ

­ЪЊЇРЎд№ИЈ#рѕўрїѕріЊріЏ_рѕўрѕ░рѕерЅх_рІ░рЇІрѕГ_рѕърѕЇ_рѕЂрѕѕрЅ░ріЏ_рЇјрЅЁ рЅбрѕ« рЅЂ. S05/S06


┬а┬а┬а┬а ­ЪњД­ЪњД­ЪњД­ЪњД


┬а┬а┬а ­ЪЊ▓ 0902660722
┬а┬а┬а ­ЪЊ▓ 0928460606 

­Ъћќ
­ЪњгрЅаTelegram рѕѕрѕЏрІўрІЮ Рцх№ИЈ рІГрїарЅђрѕЎ­Ъћй

@zemencallcenter 

@zemenexpressadmin

рѕѕрЅ░рїерѕЏрѕф рѕЏрЅЦрѕФрѕфрІФ рІерЅ┤рѕїрїЇрѕФрѕЮ рїѕрЇЃрЅйріЋРцх№ИЈ
https://telegram.me/zemenexpress

­ЪњЦ­ЪњЦ...................................­ЪњЦ­ЪњЦ",2025-06-14 13:41:47+00:00,2793,6963,ZemenExpress,................................... Baby knee socks рѕЇрїЁрІј рѕўрІ│рѕЁ рЅарѕџрїђрѕЮрѕЕрЅарЅх рїірІю рЅ░рѕўрѕФрїГ рІІрїІрЇд 250 рЅЦрѕГ рІЇрѕхріЋ рЇЇрѕг ріљрІЇ рІФрѕѕріЋ ріарІхрѕФрѕ╗ РЎд№ИЈ#рѕўрїѕріЊріЏ_рѕўрѕ░рѕерЅх_рІ░рЇІрѕГ_рѕърѕЇ_рѕЂрѕѕрЅ░ріЏ_рЇјрЅЁ рЅбрѕ« рЅЂ. S05/S06 0902660722 0928460606 рЅаTelegram рѕѕрѕЏрІўрІЮ Рцх№ИЈ рІГрїарЅђрѕЎ рѕѕрЅ░рїерѕЏрѕф рѕЏрЅЦрѕФрѕфрІФ рІерЅ┤рѕїрїЇрѕФрѕЮ рїѕрЇЃрЅйріЋРцх№ИЈ ...................................
"­ЪЊї­ЪЊБ Silicone Gel Bath Brush

­ЪЪбCleanse and refresh skin with a gentle lather
­ЪЪбAlso great for household cleaning and scrubbing.
­ЪЪбWidened design, intimate double-sided, can be easily extracted with silicone material, which is more convenient
­ЪЪбSoft and comfortable foaming, the main squirting out of the main foam, easy to clean
­ЪЪбSize: 70x11.5cm


┬а┬а┬а┬а┬а­Ъњ▓ рІІрїІрЇд┬а 350 рЅЦрѕГ

­ЪЊБ рѕѕрѕЏрІўрІЮ = @Orderqnash

рІЇрѕхріЋ рЇЇрѕг ріљрІЇ рІерЅђрѕерІЇ РЮїРЮї
< Limited Stock РЮї

Telegram - t.me/qnashcom
­Ъћ╝рїЦрѕФрЅх Рюћ№ИЈ рІІрѕхрЅхріЊ ­ЪЏЇ рЅЁріЊрѕй

­ЪЈг ріарІхрѕФрѕ╗ рЇд 
рЅЂрїЦрѕГ 1 :- рѕўрїѕріЊріЏ рІўрЇЇрѕўрѕй рїЇрѕФріЋрІх рѕърѕЇ 3 рЅ░ріЏ рЇјрЅЁ рЅЂрїЦрѕГ 329 

рЅЂрїЦрѕГ 2 :- рїђрѕъ 1 ріерѕѕрѕІ рѕЁріЋрЇЃ рїЇрѕФрІЇріЋрІх рѕѕрІГ G07 

РЮїРЮї рѕЏрѕ│рѕ░рЅЦрІФ: рѕ▒рЅЃрЅйріЋ рѕ▓рѕўрїА рЅхріГріГрѕѕріЏ рІеріЏ рѕ▒рЅЁ рѕўрѕєріЉ рІФрѕерїІрїЇрїА┬а рІерѕФрѕ│рЅйріЋ рѕјрїј рѕўріќрѕЕріЋ ріЦріЊ 329 / G07 рѕўрѕєріЉ рІФрѕерїІрїЇрїА !

рѕхрѕЇріГ:
­ЪЊ▒0946966440
­ЪЊ▒0992606060
­ЪЊ▒0905464599",2025-06-13 11:49:49+00:00,5956,4733,qnashcom,"Silicone Gel Bath Brush Cleanse and refresh skin with a gentle lather Also great for household cleaning and scrubbing. Widened design, intimate double-sided, can be easily extracted with silicone material, which is more convenient Soft and comfortable foaming, the main squirting out of the main foam, easy to clean Size: 70x11.5cm рІІрїІрЇд 350 рЅЦрѕГ рѕѕрѕЏрІўрІЮ = рІЇрѕхріЋ рЇЇрѕг ріљрІЇ рІерЅђрѕерІЇ РЮїРЮї < Limited Stock РЮї Telegram - t.me/qnashcom рїЦрѕФрЅх Рюћ№ИЈ рІІрѕхрЅхріЊ рЅЁріЊрѕй ріарІхрѕФрѕ╗ рЇд рЅЂрїЦрѕГ 1 :- рѕўрїѕріЊріЏ рІўрЇЇрѕўрѕй рїЇрѕФріЋрІх рѕърѕЇ 3 рЅ░ріЏ рЇјрЅЁ рЅЂрїЦрѕГ 329 рЅЂрїЦрѕГ 2 :- рїђрѕъ 1 ріерѕѕрѕІ рѕЁріЋрЇЃ рїЇрѕФрІЇріЋрІх рѕѕрІГ G07 РЮїРЮї рѕЏрѕ│рѕ░рЅЦрІФ: рѕ▒рЅЃрЅйріЋ рѕ▓рѕўрїА рЅхріГріГрѕѕріЏ рІеріЏ рѕ▒рЅЁ рѕўрѕєріЉ рІФрѕерїІрїЇрїА рІерѕФрѕ│рЅйріЋ рѕјрїј рѕўріќрѕЕріЋ ріЦріЊ 329 / G07 рѕўрѕєріЉ рІФрѕерїІрїЇрїА ! рѕхрѕЇріГ: 0946966440 0992606060 0905464599"
"­ЪћЦ­ЪЊБ IINIMA┬« Coffee Grinder 

­ЪЊїStainless Steel Bowl to mill
┬а┬а┬а┬а┬а┬а┬а РџА№ИЈcoffee 
┬а┬а┬а┬а┬а┬а┬а РџА№ИЈcardamom
┬а┬а┬а┬а┬а┬а┬а РџА№ИЈnut 
┬а┬а┬а┬а┬а┬а┬а РџА№ИЈSpices 
Рўё№ИЈ150W

┬а┬а┬а┬а┬а┬а┬а┬а┬а┬а┬а┬а┬а┬а┬а┬а ­Ъњ▓1500 рЅЦрѕГ

Telegram - t.me/qnashcom ­ЪЉЅ

Рўё№ИЈрїЦрѕФрЅх Рюћ№ИЈ рІІрѕхрЅхріЊ ­ЪЏЇ рЅЁріЊрѕй

­ЪЊЇріарІхрѕФрѕ╗ рЇд 
­ЪЌ║рЅЂрїЦрѕГ 1 :- рѕўрїѕріЊріЏ рІўрЇЇрѕўрѕй рїЇрѕФріЋрІх рѕърѕЇ 3 рЅ░ріЏ рЇјрЅЁ рЅЂрїЦрѕГ 329 

­ЪЌ║рЅЂрїЦрѕГ 2 :- рїђрѕъ 1 ріерѕѕрѕІ рѕЁріЋрЇЃ рїЇрѕФрІЇріЋрІх рѕѕрІГ G07 

РЮїРЮї рѕЏрѕ│рѕ░рЅЦрІФ: рѕ▒рЅЃрЅйріЋ рѕ▓рѕўрїА рЅхріГріГрѕѕріЏ рІеріЏ рѕ▒рЅЁ рѕўрѕєріЉ рІФрѕерїІрїЇрїА┬а рІерѕФрѕ│рЅйріЋ рѕјрїј рѕўріќрѕЕріЋ ріЦріЊ 329 / G07 рѕўрѕєріЉ рІФрѕерїІрїЇрїА !

рѕхрѕЇріГ:
­ЪЊ▒0946966440
­ЪЊ▒0992606060
­ЪЊ▒0905464599",2025-05-24 09:16:01+00:00,9423,4708,qnashcom,IINIMA┬« Coffee Grinder Stainless Steel Bowl to mill РџА№ИЈcoffee РџА№ИЈcardamom РџА№ИЈnut РџА№ИЈSpices Рўё№ИЈ150W 1500 рЅЦрѕГ Telegram - t.me/qnashcom Рўё№ИЈрїЦрѕФрЅх Рюћ№ИЈ рІІрѕхрЅхріЊ рЅЁріЊрѕй ріарІхрѕФрѕ╗ рЇд рЅЂрїЦрѕГ 1 :- рѕўрїѕріЊріЏ рІўрЇЇрѕўрѕй рїЇрѕФріЋрІх рѕърѕЇ 3 рЅ░ріЏ рЇјрЅЁ рЅЂрїЦрѕГ 329 рЅЂрїЦрѕГ 2 :- рїђрѕъ 1 ріерѕѕрѕІ рѕЁріЋрЇЃ рїЇрѕФрІЇріЋрІх рѕѕрІГ G07 РЮїРЮї рѕЏрѕ│рѕ░рЅЦрІФ: рѕ▒рЅЃрЅйріЋ рѕ▓рѕўрїА рЅхріГріГрѕѕріЏ рІеріЏ рѕ▒рЅЁ рѕўрѕєріЉ рІФрѕерїІрїЇрїА рІерѕФрѕ│рЅйріЋ рѕјрїј рѕўріќрѕЕріЋ ріЦріЊ 329 / G07 рѕўрѕєріЉ рІФрѕерїІрїЇрїА ! рѕхрѕЇріГ: 0946966440 0992606060 0905464599
"­Ъїђ­Ъїђ­ЪЏњ Multifunction┬а Juice Extractor: 

­ЪњЦ ­ЪЇј­ЪЇЅ­ЪЇњ­ЪЇљ­Ъїй­ЪЇірѕѕріарЇЋрѕЇ рЅЦрѕГрЅ▒ріФріЋрЇБ ріФрѕ«рЅхрЇБ ріаріЊріЊрѕхрЇБ рЅ▓рѕЏрЅ▓рѕЮРђд рІерѕўрѕ│рѕ░рѕЅрЅхріЋ ріЦрІерїерѕўрЅђ рЅєрѕ╗рѕ╗рІЇріЋ рЇА рѕѕрЅЦрЅ╗рЇА ріЦрІФрїБрѕФрЇА рІЇрѕЃрІЇріЋ ріЦрІерїерѕўрЅђрЇА рІѕрІ░рѕФрѕ▒ рїєріГ рІерѕџрЅђрІ│рЇц 
­ЪД│ рІерЇЇрѕФрЇЇрѕгрЇц


┬а┬а┬а┬а рІІрїІрЇд РюЁ┬а┬а5,500 рЅЦрѕГ

рІЇрѕхріЋ рЇЇрѕг ріљрІЇ рІерЅђрѕерІЇ ­ЪћЦ

­ЪЈб ріарІхрѕФрѕ╗ рЅЂ.1 ­ЪЉЅ рѕўрїѕріЊріЏ рЅ│рѕю рїІрѕх рѕЁріЋрЇЃ рїјріЋ рѕхрѕф ріцрѕЮ рѕ▓рЅ▓ рѕърѕЇ┬а рѕЂрѕѕрЅ░ріЏ рЇјрЅЁ рЅбрѕ« рЅЂ. SL-05A(ріе рѕірЇЇрЅ▒ рЇірЅх рѕѕ рЇірЅх)

­ЪЊЇрЅЂ.2 ­ЪЉЅрѕѕрЅА┬а рѕўрІ│рѕЁріњрІЊрѕѕрѕЮ рЅцрЅ░/ріГрѕГрѕхрЅ▓рІФріЋ┬а100рѕю рІѕрІ░ рѕЎрІџрЅЃ рЅцрЅх ріерЇЇ рЅЦрѕј┬а #рІЏрѕЮ_рѕърѕЇ 2ріЏ рЇјрЅЁ рЅбрѕ«.рЅЂ 214


┬а┬а┬а ­ЪЊ▓ 0909522840
┬а┬а┬а ­ЪЊ▓ 0923350054

­ЪЉЇрѕѕрЅА┬арЅЁрѕГріЋрїФрЇЇ­ЪЊ▓0973611819


­Ъћќ
­Ъњг┬а рЅаTelegram рѕѕрѕЏрІўрІЮ Рцх№ИЈ рІГрїарЅђрѕЎ
@shager_onlinestore
┬а 
рѕѕрЅ░рїерѕЏрѕф рѕЏрЅЦрѕФрѕфрІФ рІерЅ┤рѕїрїЇрѕФрѕЮ рїѕрЇЃрЅйріЋРцх№ИЈ
https://t.me/Shageronlinestore",2025-06-14 06:32:45+00:00,3732,7339,Shageronlinestore,"Multifunction Juice Extractor: рѕѕріарЇЋрѕЇ рЅЦрѕГрЅ▒ріФріЋрЇБ ріФрѕ«рЅхрЇБ ріаріЊріЊрѕхрЇБ рЅ▓рѕЏрЅ▓рѕЮРђд рІерѕўрѕ│рѕ░рѕЅрЅхріЋ ріЦрІерїерѕўрЅђ рЅєрѕ╗рѕ╗рІЇріЋ рЇА рѕѕрЅЦрЅ╗рЇА ріЦрІФрїБрѕФрЇА рІЇрѕЃрІЇріЋ ріЦрІерїерѕўрЅђрЇА рІѕрІ░рѕФрѕ▒ рїєріГ рІерѕџрЅђрІ│рЇц рІерЇЇрѕФрЇЇрѕгрЇц рІІрїІрЇд РюЁ 5,500 рЅЦрѕГ рІЇрѕхріЋ рЇЇрѕг ріљрІЇ рІерЅђрѕерІЇ ріарІхрѕФрѕ╗ рЅЂ.1 рѕўрїѕріЊріЏ рЅ│рѕю рїІрѕх рѕЁріЋрЇЃ рїјріЋ рѕхрѕф ріцрѕЮ рѕ▓рЅ▓ рѕърѕЇ рѕЂрѕѕрЅ░ріЏ рЇјрЅЁ рЅбрѕ« рЅЂ. SL-05A(ріе рѕірЇЇрЅ▒ рЇірЅх рѕѕ рЇірЅх) рЅЂ.2 рѕѕрЅА рѕўрІ│рѕЁріњрІЊрѕѕрѕЮ рЅцрЅ░/ріГрѕГрѕхрЅ▓рІФріЋ 100рѕю рІѕрІ░ рѕЎрІџрЅЃ рЅцрЅх ріерЇЇ рЅЦрѕј #рІЏрѕЮ_рѕърѕЇ 2ріЏ рЇјрЅЁ рЅбрѕ«.рЅЂ 214 0909522840 0923350054 рѕѕрЅА рЅЁрѕГріЋрїФрЇЇ0973611819 рЅаTelegram рѕѕрѕЏрІўрІЮ Рцх№ИЈ рІГрїарЅђрѕЎ рѕѕрЅ░рїерѕЏрѕф рѕЏрЅЦрѕФрѕфрІФ рІерЅ┤рѕїрїЇрѕФрѕЮ рїѕрЇЃрЅйріЋРцх№ИЈ"
"­ЪЊї­Ъћ╝ Long Sewer Cleaning Wire Spring

­Ъњ» рѕерїЁрѕЎ 1рѕюрЅхрѕГ ріе 60 рѕ│ріЋрЅ▓рѕЮ

Рюћ№ИЈрЅєрѕ╗рѕ╗ рІерІ░рЇѕріљрЅЦріЋріЋ рЅђрІ│рІ│рІјрЅй рЅарЅђрѕІрѕЅ рѕѕрѕўріГрЇѕрЅх рІерѕЏрІГрѕўрЅй рЅдрЅ│ рѕІрІГ рІЋрЅЃ рѕѕрѕўрѕ│рЅЦ рѕѕрѕўрЇѕрѕѕрїЇ рІерѕџрїарЅЁрѕЮ 

­ЪўЈBringing more convenience to the people in their daily life.
РџА№ИЈQuality iron wire and pp material
РџА№ИЈFlexible spring cable and retractable claws
РџА№ИЈLong enough to get deep into drains
РџА№ИЈRemove any clogs and debris
РџА№ИЈFor kitchen, bathroom, sinks, drain, tubs, etc.

­ЪЊЈLength :-┬а **1рѕюрЅхрѕГ ріе 60 рѕ│ріЋрЅ▓рѕЮ**┬а

┬а┬а┬а┬а┬а┬а ­Ъњх**650 рЅЦрѕГ**

**рІЇрѕхріЋ рЇЇрѕг ріљрІЇ рІерЅђрѕерІЇ** РЮїРЮїРЮї

Telegram - t.me/qnashcom
­Ъћ╝ рїЦрѕФрЅх Рюћ№ИЈрІІрѕхрЅхріЊ ­ЪЏЇрЅЁріЊрѕй

­ЪЈг ріарІхрѕФрѕ╗ рЇд 
рЅЂрїЦрѕГ 1 :- **рѕўрїѕріЊріЏ рІўрЇЇрѕўрѕй рїЇрѕФріЋрІх рѕърѕЇ 3 рЅ░ріЏ рЇјрЅЁ рЅЂрїЦрѕГ 329** 

рЅЂрїЦрѕГ 2 :- **рїђрѕъ 1 ріерѕѕрѕІ рѕЁріЋрЇЃ рїЇрѕФрІЇріЋрІх рѕѕрІГ G07 
**
РЮїРЮї **рѕЏрѕ│рѕ░рЅЦрІФ**: рѕ▒рЅЃрЅйріЋ рѕ▓рѕўрїА рЅхріГріГрѕѕріЏ рІеріЏ рѕ▒рЅЁ рѕўрѕєріЉ рІФрѕерїІрїЇрїА┬а рІерѕФрѕ│рЅйріЋ рѕјрїј рѕўріќрѕЕріЋ ріЦріЊ 329 / G07 рѕўрѕєріЉ рІФрѕерїІрїЇрїА !

рѕхрѕЇріГ:
­ЪЊ▒0946966440
­ЪЊ▒0992606060
­ЪЊ▒0905464599",2025-05-24 06:59:49+00:00,10243,4706,qnashcom,"Long Sewer Cleaning Wire Spring рѕерїЁрѕЎ 1рѕюрЅхрѕГ ріе 60 рѕ│ріЋрЅ▓рѕЮ Рюћ№ИЈрЅєрѕ╗рѕ╗ рІерІ░рЇѕріљрЅЦріЋріЋ рЅђрІ│рІ│рІјрЅй рЅарЅђрѕІрѕЅ рѕѕрѕўріГрЇѕрЅх рІерѕЏрІГрѕўрЅй рЅдрЅ│ рѕІрІГ рІЋрЅЃ рѕѕрѕўрѕ│рЅЦ рѕѕрѕўрЇѕрѕѕрїЇ рІерѕџрїарЅЁрѕЮ Bringing more convenience to the people in their daily life. РџА№ИЈQuality iron wire and pp material РџА№ИЈFlexible spring cable and retractable claws РџА№ИЈLong enough to get deep into drains РџА№ИЈRemove any clogs and debris РџА№ИЈFor kitchen, bathroom, sinks, drain, tubs, etc. Length :- **1рѕюрЅхрѕГ ріе 60 рѕ│ріЋрЅ▓рѕЮ** **650 рЅЦрѕГ** **рІЇрѕхріЋ рЇЇрѕг ріљрІЇ рІерЅђрѕерІЇ** РЮїРЮїРЮї Telegram - t.me/qnashcom рїЦрѕФрЅх Рюћ№ИЈрІІрѕхрЅхріЊ рЅЁріЊрѕй ріарІхрѕФрѕ╗ рЇд рЅЂрїЦрѕГ 1 :- **рѕўрїѕріЊріЏ рІўрЇЇрѕўрѕй рїЇрѕФріЋрІх рѕърѕЇ 3 рЅ░ріЏ рЇјрЅЁ рЅЂрїЦрѕГ 329** рЅЂрїЦрѕГ 2 :- **рїђрѕъ 1 ріерѕѕрѕІ рѕЁріЋрЇЃ рїЇрѕФрІЇріЋрІх рѕѕрІГ G07 ** РЮїРЮї **рѕЏрѕ│рѕ░рЅЦрІФ**: рѕ▒рЅЃрЅйріЋ рѕ▓рѕўрїА рЅхріГріГрѕѕріЏ рІеріЏ рѕ▒рЅЁ рѕўрѕєріЉ рІФрѕерїІрїЇрїА рІерѕФрѕ│рЅйріЋ рѕјрїј рѕўріќрѕЕріЋ ріЦріЊ 329 / G07 рѕўрѕєріЉ рІФрѕерїІрїЇрїА ! рѕхрѕЇріГ: 0946966440 0992606060 0905464599"
"Star wP
Made in Vietnam 
Master Quality Only in our Shop 
Price 3,500birr  ­ЪўЇ­ЪћЦ­ЪћЦ
Size#40,41,42,43
­Ъћ┤FREE DELIVERY(рІФрѕЅрЅарЅх рЅдрЅ│ рІФрѕѕрЅ░рїерѕЏрѕф ріГрЇЇрІФ ріЦріЊрІ░рѕГрѕ│рѕѕріЋ­ЪЈЇ)
­Ъћ┤рѕѕрѕ▒рЅЁріЊ рЅЦрІЏрЅх рЅ░рѕеріФрЅбрІјрЅй рЅБрѕхрЅ░рІФрІерЅх
­ЪЊХ0977808897
­Ъћ╗­Ъћ╗­Ъћ╗ @Naty_boy 
ріарІхрѕФрѕ╗рЅйріЋ- рЅёрѕФ рѕХрЇірІФ рѕърѕЇ рѕЂрѕѕрЅ░ріЏ рЇјрЅЁ рѕ▒.рЅЂ 216",2025-05-29 05:30:50+00:00,1172,12646,aradabrand2,"Star wP Made in Vietnam Master Quality Only in our Shop Price 3,500birr Size#40,41,42,43 FREE DELIVERY(рІФрѕЅрЅарЅх рЅдрЅ│ рІФрѕѕрЅ░рїерѕЏрѕф ріГрЇЇрІФ ріЦріЊрІ░рѕГрѕ│рѕѕріЋ) рѕѕрѕ▒рЅЁріЊ рЅЦрІЏрЅх рЅ░рѕеріФрЅбрІјрЅй рЅБрѕхрЅ░рІФрІерЅх 0977808897 ріарІхрѕФрѕ╗рЅйріЋ- рЅёрѕФ рѕХрЇірІФ рѕърѕЇ рѕЂрѕѕрЅ░ріЏ рЇјрЅЁ рѕ▒.рЅЂ 216"
"­ЪњЦ­ЪњЦ...................................­ЪњЦ­ЪњЦ

­ЪЊїOne Fire Table Lamp

­ЪЉЇрЅарЅ░рЅй рІерѕџрѕ░рѕФ 
­ЪЉЇрЅ╗рѕГрїЁ рІерѕџрІ░рѕерїЇ 
­ЪЉЇрѕѕрѕўріЮрЅ│ рЅцрЅх рЇБ рѕѕрѕ│рѕјріЋ рЇБ рѕѕ рѕєрЅ┤рѕјрЅй ріЦріЋрІ▓рѕЂрѕЮ рѕѕрЅБрІЮ рѕЕрѕЮ

рІІрїІрЇд┬а ­Ъњ▓­ЪЈи┬а 1900рЅЦрѕГ

РЎд№ИЈрІЇрѕхріЋ рЇЇрѕг ріљрІЇ рІФрѕѕрІЇ ­ЪћЦ­ЪћЦ­ЪћЦ

­ЪЈб ріарІхрѕФрѕ╗­ЪЉЅ

­ЪЊЇРЎд№ИЈ#рѕўрїѕріЊріЏ_рѕўрѕ░рѕерЅх_рІ░рЇІрѕГ_рѕърѕЇ_рѕЂрѕѕрЅ░ріЏ_рЇјрЅЁ рЅбрѕ« рЅЂ. S05/S06


┬а┬а┬а┬а ­ЪњД­ЪњД­ЪњД­ЪњД


┬а┬а┬а ­ЪЊ▓ 0902660722
┬а┬а┬а ­ЪЊ▓ 0928460606 

­Ъћќ
­ЪњгрЅаTelegram рѕѕрѕЏрІўрІЮ Рцх№ИЈ рІГрїарЅђрѕЎ­Ъћй

@zemencallcenter 

@zemenexpressadmin

рѕѕрЅ░рїерѕЏрѕф рѕЏрЅЦрѕФрѕфрІФ рІерЅ┤рѕїрїЇрѕФрѕЮ рїѕрЇЃрЅйріЋРцх№ИЈ
https://telegram.me/zemenexpress

­ЪњЦ­ЪњЦ...................................­ЪњЦ­ЪњЦ",2025-06-06 12:01:25+00:00,4398,6900,ZemenExpress,................................... One Fire Table Lamp рЅарЅ░рЅй рІерѕџрѕ░рѕФ рЅ╗рѕГрїЁ рІерѕџрІ░рѕерїЇ рѕѕрѕўріЮрЅ│ рЅцрЅх рЇБ рѕѕрѕ│рѕјріЋ рЇБ рѕѕ рѕєрЅ┤рѕјрЅй ріЦріЋрІ▓рѕЂрѕЮ рѕѕрЅБрІЮ рѕЕрѕЮ рІІрїІрЇд 1900рЅЦрѕГ РЎд№ИЈрІЇрѕхріЋ рЇЇрѕг ріљрІЇ рІФрѕѕрІЇ ріарІхрѕФрѕ╗ РЎд№ИЈ#рѕўрїѕріЊріЏ_рѕўрѕ░рѕерЅх_рІ░рЇІрѕГ_рѕърѕЇ_рѕЂрѕѕрЅ░ріЏ_рЇјрЅЁ рЅбрѕ« рЅЂ. S05/S06 0902660722 0928460606 рЅаTelegram рѕѕрѕЏрІўрІЮ Рцх№ИЈ рІГрїарЅђрѕЎ рѕѕрЅ░рїерѕЏрѕф рѕЏрЅЦрѕФрѕфрІФ рІерЅ┤рѕїрїЇрѕФрѕЮ рїѕрЇЃрЅйріЋРцх№ИЈ ...................................
